id,word,meaning,section,page
1,create,を創り出す；を引き起こす,1,20
2,increase,増加する；を増やす,1,20
3,improve,を向上させる；よくなる,1,20
4,mean,を意味する；(…する)つもりである(to do),1,20
5,own,を所有している；(事実・罪など)を認める,1,20
6,include,を含む,1,21
7,consider,を見なす；について考える,1,21
8,allow,を許す；を与える；(～を)考慮に入れる(for),1,21
9,suggest,を提案する；を暗示する,1,21
10,produce,を生産する；を取り出す,1,21
11,decide,を決める；に決着をつける,1,22
12,offer,を提供する，申し出る,1,22
13,require,を要求する；を必要とする,1,22
14,share,を共有する；を分担する,1,22
15,store,を保存する；を蓄える,1,22
16,tend,傾向がある；を世話する,1,23
17,concern,〔受身形で〕心配している；〔受身形で〕(～に)関係する(with)；に関連する,1,23
18,describe,について述べる，を説明する,1,23
19,involve,を関与させる；を伴う,1,23
20,reduce,を減らす；を(～に)変える(to),1,23
21,design,を設計する；を計画する,1,24
22,force,に強いる；を強要する,1,24
23,limit,を制限［規制］する,1,24
24,bear,に耐える；を負う；を産む；を(心に)抱く,1,24
25,affect,に影響を及ぼす；を感動させる,1,24
26,deal,〔＋withで〕を処理する；〔＋inで〕を商う；を分配する,1,25
27,avoid,を避ける,1,25
28,relate,を関連づける；(～に)関連する(to),1,25
29,realize,に気づく；を実現する,1,25
30,encourage,を奨励する；を励ます,1,25
31,compare,を比較する；を(～に)たとえる(to),1,26
32,measure,を測る；を(比較して)評価する,1,26
33,exist,存在する；生存する,1,26
34,mark,に印をつける；を(記号で)示す；に汚れをつける,1,26
35,challenge,に異議を唱える；(人)に挑む,1,26
36,depend,頼る；～次第である,1,27
37,object,反対する；(…)と言って反対する(that節),1,27
38,demand,を要求する,1,27
39,found,を設立する；(理論など)を(～に基づいて)築く(on),1,27
40,complete,を完成させる，仕上げる,1,27
41,idea,考え，思いつき；理解；見解；概念,1,28
42,accord,一致；合意，協定,1,28
43,company,会社；〔集合的に〕仲間；(仲間と)一緒にいること；一座,1,28
44,interest,興味；利子；利害,1,28
45,research,(～についての)研究，調査(into / on / in),1,28
46,cause,原因；理由；大義,1,29
47,reason,理由；(…する)根拠(to do)；理性；分別,1,29
48,effect,影響，効果；結果,1,29
49,influence,影響(力),1,29
50,situation,状況；(人の置かれた)立場,1,29
51,environment,環境,1,30
52,skill,技能；熟練,1,30
53,matter,事柄；問題；〔～s〕事態；〔the ～〕困難；物質,1,30
54,view,(～についての)見解(on / about)；(～に対する)(特定の)見方(of)；眺め,1,30
55,value,価値；価格；評価；〔～s〕価値観,1,30
56,species,(生物の)種；種類,1,31
57,thought,考え；思考,1,31
58,knowledge,知識；知っていること；認識,1,31
59,memory,記憶(力)；(～の)思い出(of),1,31
60,practice,実践，実行；(社会の)慣習；練習,1,31
61,benefit,利益，恩恵；給付金,1,32
62,theory,学説；理論；原理；推測,1,32
63,issue,問題(点)；発行(物)；発表,1,32
64,experiment,(～を対象とする)実験(on),1,32
65,article,記事；条項；品物,1,32
66,focus,焦点；関心の的,1,33
67,subject,話題；科目；主題；被験者,1,33
68,project,計画；事業；研究計画,1,33
69,quality,質；特質,1,33
70,role,役割；(俳優などの)役,1,33
71,term,(専門)用語；〔～s〕条件；〔～s〕間柄；学期,1,34
72,statement,声明；主張；明細書,1,34
73,material,材料，素材；資料；生地,1,34
74,evidence,証拠,1,34
75,source,(～の)源，根源(of)；出所，情報源,1,34
76,community,(共同)社会，～界；地域社会；地域住民,1,35
77,technology,科学技術；応用技術,1,35
78,culture,文化；教養；耕作；養殖；培養,1,35
79,appropriate,(～に)適切な(for / to),1,35
80,likely,ありそうな,1,35
81,possible,可能な；可能性のある,1,36
82,individual,個々の；個人の,1,36
83,public,公の；公衆の；公開の,1,36
84,common,共通の；普通の；一般の,1,36
85,certain,確信して；確かな；ある；一定の,1,36
86,similar,似ている，類似した；同様の,1,37
87,recent,最近の,1,37
88,major,主要な；大きい(ほうの)；長調の,1,37
89,patient,忍耐強い；勤勉な,1,37
90,particular,特定の；特別の；(～について)やかましい(about),1,37
91,physical,身体の；物質的な；物理学の,1,38
92,various,さまざまな；いくつかの,1,38
93,available,手に入る；利用できる；手が空いている,1,38
94,native,出生地の；原産の；生得の,1,38
95,political,政治(上)の,1,38
96,due,予定された；(支払)期日で；しかるべき,1,39
97,blank,空白の；無表情な；がらんとした,1,39
98,ancient,古代の；昔からの,1,39
99,correct,正しい；適切な,1,39
100,despite,～にもかかわらず,1,39
101,notice,に気づく,1,40
102,refer,言及する，関連する；参照する,1,40
103,approach,に近づく；に取り組む,1,40
104,wonder,かなと思う；(に)驚く(at),1,40
105,imagine,(を)想像する；(を)推測する,1,40
106,recognize,を識別できる；を認める,1,41
107,solve,を解く，解明する；(困難など)を解決する,1,41
108,occur,起こる；心に浮かぶ；現れる,1,41
109,argue,と主張する；議論する,1,41
110,claim,と主張する；を(自分のものとして)要求する,1,41
111,express,を表す，述べる,1,42
112,draw,を引き出す；を引く；を描く；近づく,1,42
113,waste,を浪費する，無駄にする,1,42
114,advance,を進歩させる；を進める；進歩する；進む,1,42
115,spread,を広める；広がる,1,42
116,prepare,を準備する；を調理する；(～のために)準備をする(for),1,43
117,gain,を獲得する；(を)増す,1,43
118,achieve,を達成する；を成し遂げる,1,43
119,establish,を確立する；を設立する,1,43
120,supply,を供給する,1,43
121,suppose,と思う；と仮定する,1,44
122,perform,(を)行う；(を)演じる，(を)演奏する,1,44
123,prefer,のほうを好む,1,44
124,determine,を決定する；を正確に知る,1,44
125,treat,を扱う；を治療する,1,44
126,prove,を証明する；判明する，わかる,1,45
127,apply,を適用［応用］する；申し込む；(～に)適用される(to / in),1,45
128,mention,に言及する；と言う,1,45
129,communicate,(～と)情報交換をする(with)；を伝達する,1,45
130,contain,を含む；を収容する；(感情など)を抑える,1,45
131,contact,と連絡を取る；接触する,1,46
132,regard,を見なす；を見る；を評価する,1,46
133,respect,を尊敬する；を尊重する,1,46
134,search,捜す；を捜索する；を詳しく調べる,1,46
135,connect,をつなぐ；を関連づける,1,46
136,decline,減少する；衰退する；を断る,1,47
137,prevent,を妨げる；を防ぐ,1,47
138,suffer,苦しむ；患う；(苦痛など)を経験する,1,47
139,survive,を切り抜けて生き残る；より長生きする；生き延びる,1,47
140,publish,を出版する；を公表する,1,47
141,opportunity,機会,1,48
142,task,(課せられた)仕事，作業；課題；タスク,1,48
143,industry,産業；勤勉,1,48
144,medium,(情報伝達の)媒体；手段,1,48
145,economy,経済(状態)；経済圏；節約,1,48
146,policy,政策，方針；(個人の)主義,1,49
147,account,説明；勘定；口座,1,49
148,trade,貿易；商売，取引,1,49
149,model,模範；モデル；模型；型,1,49
150,figure,数字；姿；人物；図表,1,49
151,cell,細胞；独房；電池,1,50
152,image,印象，イメージ；画像；像,1,50
153,emotion,感情，情動；感動,1,50
154,stress,ストレス；圧力；強調,1,50
155,decade,10年間,1,50
156,range,範囲；射程距離；(同類の)組,1,51
157,character,性格，個性；特徴；登場人物；文字,1,51
158,advantage,利点；優勢；有利,1,51
159,phrase,句；成句；言葉遣い,1,51
160,damage,損害，損傷；〔～s〕損害賠償金,1,51
161,impact,影響；(激しい)衝突；衝撃(力),1,52
162,method,方法；体系；秩序,1,52
163,resource,〔通例～s〕資源；〔通例～s〕資金；才覚,1,52
164,region,地域；領域；部位,1,52
165,medicine,薬；医学,1,52
166,detail,〔～s〕詳細(な情報)，細部,1,53
167,feature,特徴；〔通例～s〕顔つき；特集記事［番組］,1,53
168,function,機能；関数,1,53
169,access,利用，入手；接近(の機会・方法・権利),1,53
170,item,品目，項目；(同種の中の)～個；(短い)記事,1,53
171,income,収入；所得,1,54
172,attitude,態度；考え方，心構え,1,54
173,site,用地，場所；跡地；(ウェブ)サイト,1,54
174,aspect,(物事の)側面；観点；様相,1,54
175,structure,構造；体系；構造物,1,54
176,habit,習慣，癖,1,55
177,link,関連，つながり；(2地点を結ぶ)交通手段；リンク,1,55
178,instance,(具体的な)例，実例；(特定の)場合,1,55
179,positive,肯定的な；積極的な；確信して；(検査結果が)陽性の,1,55
180,negative,否定的な；消極的な；(検査結果が)陰性の,1,55
181,complex,複雑な；複合(体)の,1,56
182,current,現在の；現代の；通用している,1,56
183,mental,精神の；知能の；頭の中で行う,1,56
184,specific,特定の；明確な，具体的な；(～に)特有の(to),1,56
185,significant,重要な，重大な；意義深い,1,56
186,essential,(～に)必要不可欠な(to / for)；本質的な,1,57
187,official,公用の；公式の；役所の,1,57
188,financial,財政(上)の；財界の,1,57
189,academic,学問の；大学の,1,57
190,aware,気づいて，知って,1,57
191,worth,(…する)に値する(doing)；の価値がある,1,58
192,potential,潜在的な；可能性を秘めた,1,58
193,active,積極的な；活動的な；効力のある,1,58
194,digital,デジタル方式の；デジタル［数字］表示の,1,58
195,mobile,可動［移動］式の；流動性のある,1,58
196,novel,斬新な，目新しい,1,59
197,plastic,柔軟な；プラスチックの，ビニールの,1,59
198,chemical,化学の，化学的な,1,59
199,necessary,必要な,1,59
200,eventually,結局(は),1,59
201,identify,を特定する；を(～と)同一視する(with),1,60
202,represent,を表す；を代表する；に相当する,1,60
203,indicate,を指し示す；を述べる,1,60
204,manage,をなんとか成し遂げる；を管理する,1,60
205,attend,に出席する；(を)世話する；(～に)対処［対応］する(to),1,60
206,maintain,を維持する；と主張する；を養う,1,61
207,survey,を調査する；をじろじろ見る；を概観する,1,61
208,replace,に取って代わる；を取り替える,1,61
209,sort,を(～に)分類する(into)；を(～から)えり分ける(from),1,61
210,conduct,(調査・実験など)を実施する；を導く,1,61
211,associate,を結び付けて考える；(～と)交際する(with),1,62
212,attempt,を試みる，企てる,1,62
213,promote,を促進する；〔通例受身形で〕昇進する,1,62
214,earn,を稼ぐ；を得る；をもたらす,1,62
215,unite,を団結させる；(を)結合する；団結する,1,62
216,feed,に食べ物［乳］を与える；に(～を)供給［補給］する(with)；餌を食べる,1,63
217,seek,を追い求める；(助けなど)を要請する,1,63
218,observe,に気づく；を観察する；を遵守する,1,63
219,reveal,を明らかにする；を見せる,1,63
220,estimate,と推定する；を見積もる；を評価する,1,63
221,reflect,を反映する；(を)反射する；(を)熟考する,1,64
222,attract,を引きつける,1,64
223,decrease,減少する；を減らす,1,64
224,ignore,を無視する,1,64
225,match,(と)合う；に匹敵する；一致する,1,64
226,define,を定義する；を明確にする,1,65
227,adapt,適応する；を(～に)適合させる(to),1,65
228,contribute,貢献する，一因となる；(を)寄付する；(を)寄稿する,1,65
229,exchange,(を)交換する；両替する,1,65
230,display,を示す；を発揮する；を展示［陳列］する,1,65
231,respond,反応する；答える,1,66
232,hide,を隠す；隠れる,1,66
233,doubt,ではないと思う；を疑う,1,66
234,remove,を取り除く；を解雇する,1,66
235,wind,(ねじなど)を巻く；(道などが)曲がりくねる；巻きつく,1,66
236,assume,を当然のことと思う，と仮定する；(権力など)を手に入れる；(責任など)を引き受ける,1,67
237,relax,くつろぐ；緩む；をくつろがせる；を緩める,1,67
238,satisfy,を満足させる；(条件など)を満たす,1,67
239,desire,を強く望む,1,67
240,succeed,(～に)成功する(in)；(～を)継承する(to),1,67
241,concept,概念；考え；(商品・販売の)コンセプト,1,68
242,fashion,流行，ファッション；方法，流儀,1,68
243,device,装置，機器；方策；デバイス,1,68
244,charge,料金；世話；管理；告発,1,68
245,contrast,(～との)対照(with / to),1,68
246,colleague,(職場の)同僚,1,69
247,pain,苦痛，痛み；苦悩；〔～s〕骨折り,1,69
248,bill,請求書；【英】勘定書；法案,1,69
249,content,内容，中身；コンテンツ,1,69
250,section,部門；部分；地区；欄,1,69
251,audience,〔集合的に〕聴衆，観客；視聴者,1,70
252,surface,表面；〔the ～〕外見,1,70
253,crop,〔しばしば～s〕作物；収穫高,1,70
254,topic,話題，トピック；主題,1,70
255,technique,技術；技巧；手法,1,70
256,status,地位；状態,1,71
257,option,選択(の自由)；選択肢,1,71
258,reward,報酬；報い,1,71
259,race,人種；民族；競争,1,71
260,crime,罪，犯罪；違法行為,1,71
261,conflict,争い；論争；不一致,1,72
262,struggle,闘い；懸命の努力,1,72
263,context,状況，背景；文脈,1,72
264,debate,討論，論争；討論会,1,72
265,fuel,燃料；勢いを増加させるもの,1,72
266,pollution,汚染，公害,1,73
267,trend,(～への)傾向(toward)；流行,1,73
268,balance,均衡，バランス；(体の)平衡；残高,1,73
269,traffic,交通；通行；交通［輸送］量；(不正)取引,1,73
270,strategy,戦略,1,73
271,basis,基礎；根拠；基準,1,74
272,consequence,〔通例～s〕結果；重大性,1,74
273,aim,目的，目標；狙い,1,74
274,ancestor,祖先；原型,1,74
275,gene,遺伝子,1,74
276,track,跡；軌道；【米】(鉄道の)番線；走路,1,75
277,revolution,革命；回転；(天体の)公転,1,75
278,progress,進歩；前進,1,75
279,cognitive,認知の,1,75
280,ideal,理想的な；観念的な,1,75
281,efficient,効率的な；有能な,1,76
282,universal,普遍的な；宇宙の；万能の,1,76
283,vast,莫大な；広大な,1,76
284,extra,追加の，余分の；別勘定の,1,76
285,entire,全体の，全部の；完全な,1,76
286,familiar,精通している；よく知られている,1,77
287,obvious,明らかな,1,77
288,moral,道徳(上)の，倫理的な；道徳的な,1,77
289,ordinary,一般の，普通の；並の,1,77
290,equal,(～に)等しい(to)；匹敵する；平等な,1,77
291,previous,以前の，前の,1,78
292,false,間違った；虚偽の；偽の,1,78
293,rare,まれな，珍しい；希少な,1,78
294,legal,法律の；合法の,1,78
295,independent,(～から)独立した(of / from),1,78
296,extreme,極端な；極度の，過激な,1,79
297,actual,実際の，現実の,1,79
298,willing,いとわない，かまわないと思う,1,79
299,urban,都市の；都会的な,1,79
300,whereas,～するのに(対し)，～する一方,1,79
301,predict,を予言［予測］する,2,82
302,examine,を調べる；を診察する；を尋問する,2,82
303,trust,を信頼する；を(信頼して)託す,2,82
304,stick,を動けなくする；を突き刺す；(～に)くっつく(to / on),2,82
305,emerge,現れる；明らかになる；台頭する,2,82
306,vary,さまざまである；変わる；を変える,2,83
307,release,を放出する；を解放する；を発表する,2,83
308,divide,を分ける；分かれる,2,83
309,enable,(人)が…できるようにする；を可能にする,2,83
310,judge,(を)判断する；に判決を下す,2,83
311,rely,頼る,2,84
312,engage,を従事させる；を(～として)雇う(as)；(～に)従事する(in / with),2,84
313,shift,を変える，移す；変わる；移動する,2,84
314,adopt,を採用する；(態度など)をとる；を養子にする,2,84
315,acquire,を得る；を習得する,2,84
316,expand,(を)拡大する；(を)詳説する,2,85
317,refuse,を拒む；を断る；拒絶する,2,85
318,strike,の心を打つ；を襲う；を打つ；(に)ぶつかる,2,85
319,repeat,(を)繰り返す；を復唱する,2,85
320,consume,を消費する；を食べる，飲む,2,85
321,confuse,を混同する；を当惑させる,2,86
322,select,を選ぶ，えり抜く,2,86
323,evolve,(徐々に)発展する；進化する,2,86
324,convince,を納得［確信］させる,2,86
325,recall,を思い出す；を呼び戻す,2,86
326,destroy,を破壊する；(人)を破滅させる,2,87
327,preserve,を保存する；を保持する；を保護する,2,87
328,organize,を準備する；を組織する,2,87
329,warn,(人)に(～を)警告［注意］する(of / against),2,87
330,address,(問題など)に対処する；に演説する；(手紙など)を(～宛てに)出す(to),2,87
331,operate,を操作する；機能する；手術する,2,88
332,participate,参加する,2,88
333,surround,を取り巻く；にまつわる,2,88
334,flow,流れる；(～から)生じる(from),2,88
335,bore,(人)を退屈させる，うんざりさせる,2,88
336,complain,(と)不平［苦情］を言う；訴える,2,89
337,host,を主催する；のホスト役を務める,2,89
338,combine,を(～と)結び付ける(with)；(～と)結び付く(with),2,89
339,extend,を伸［延］ばす；伸びる；及ぶ,2,89
340,appreciate,を正当に評価する；を鑑賞する；を感謝する,2,89
341,target,(到達・攻撃)目標；的,2,90
342,element,要素，成分；元素；〔an / ofで〕少しの,2,90
343,principle,原則，原理；主義，信条,2,90
344,phenomenon,現象,2,90
345,atmosphere,〔the ～〕大気；雰囲気,2,90
346,origin,起源；源,2,91
347,personality,個性，性格,2,91
348,capacity,(最大)容量，収容能力；(潜在)能力,2,91
349,profit,利益；収益(率)；得,2,91
350,circumstance,〔通例～s〕状況，事情；境遇,2,91
351,manner,〔～s〕作法；方法；物腰,2,92
352,threat,脅威；(悪い)兆し；脅迫,2,92
353,resident,居住者；滞在者,2,92
354,wealth,富；資源；富裕,2,92
355,institution,機関；協会；施設；制度,2,92
356,authority,〔通例 the ～s〕(関係)当局；権威；権限,2,93
357,vote,投票；投票結果；〔the ～〕選挙権,2,93
358,sight,光景；〔the ～s〕名所；見(え)ること；視野；視力,2,93
359,campaign,運動；軍事行動,2,93
360,fund,〔しばしば～s〕基金，資金,2,93
361,web,〔the W-〕ウェブ；(クモの)巣,2,94
362,symbol,象徴，シンボル；記号；標章,2,94
363,analysis,分析(結果),2,94
364,version,(本・製品などの)版；解釈,2,94
365,perspective,観点，見方；大局観；遠近法,2,94
366,crisis,危機,2,95
367,disaster,災害；惨事,2,95
368,lecture,講義，講演；説教,2,95
369,psychology,心理学；心理(状態),2,95
370,gender,(社会的・文化的)性，性別,2,95
371,custom,(社会的な)慣習；〔～s〕税関；〔～s〕関税,2,96
372,court,裁判所，法廷；裁判；宮廷；中庭,2,96
373,desert,砂漠；不毛の地,2,96
374,soil,土地，土壌；(悪事などの)温床,2,96
375,agriculture,農業；農学，畜産,2,96
376,fossil,化石；時代遅れの人［物］,2,97
377,document,(公)文書，書類；記録，資料,2,97
378,vocabulary,語彙,2,97
379,intelligent,聡明な；知能を有する,2,97
380,conscious,意識して，気づいて,2,97
381,capable,能力がある；有能な,2,98
382,accurate,正確な；精密な,2,98
383,fundamental,基本的な；必須の,2,98
384,artificial,人工の；不自然な,2,98
385,firm,確固たる；堅固な；安定した,2,98
386,overall,総合的な；全体的な,2,99
387,rural,田舎の，田園の,2,99
388,military,軍の，軍事(用)の,2,99
389,nuclear,核の，原子力の,2,99
390,biological,生物学(上)の,2,99
391,constant,絶え間ない；一定の,2,100
392,severe,(人・規律・事態・天気などが)厳しい；猛烈な,2,100
393,visual,視覚の；目に見える,2,100
394,enormous,莫大な，巨大な,2,100
395,convenient,便利な，都合のいい,2,100
396,domestic,家庭の；国内の；(動物が)飼いならされた,2,101
397,mass,大規模な，大量の；大衆(向け)の,2,101
398,typical,典型的な；(～に)特有の(of),2,101
399,overseas,海外へ［に，で］,2,101
400,nevertheless,それにもかかわらず,2,101
401,demonstrate,を論証［証明］する；デモをする,2,102
402,behave,振る舞う；作動する,2,102
403,educate,を教育する；に教える；(能力など)を養う,2,102
404,purchase,を購入する,2,102
405,recommend,を勧める,2,102
406,admit,(を)(しぶしぶ)認める；に(～への)入場［入学など］を認める(to / into),2,103
407,generate,を生み出す；(電気など)を発生させる,2,103
408,explore,(を)調査［探究］する；(を)探検［探査］する,2,103
409,amaze,をびっくりさせる,2,103
410,tear,を引き裂く；裂ける,2,103
411,settle,を解決する；(に)移り住む；を落ち着かせる,2,104
412,afford,を持つ［する］余裕がある；を与える,2,104
413,conclude,と結論づける；を締めくくる；を締結する,2,104
414,advertise,を宣伝する；(～を求める)広告を出す(for),2,104
415,encounter,に遭遇する；に(思いがけず)出会う,2,104
416,remind,に思い出させる,2,105
417,locate,〔受身形で〕位置する；の位置を探し当てる,2,105
418,aid,を援助する，助ける,2,105
419,bite,(を)かむ，(に)かみつく；(を)刺す,2,105
420,deliver,を配達する；(演説・講義)をする；子を産む,2,105
421,perceive,に気づく；を知覚する；を理解する,2,106
422,distinguish,を区別する,2,106
423,imply,を暗に意味する；を必然的に伴う,2,106
424,handle,を処理する，扱う；を論じる；を商う,2,106
425,praise,を(～のことで)賞賛する(for)；賛美する,2,106
426,appeal,訴える；抗議する；(上級審に)上訴する,2,107
427,insist,(を)強く主張する；要求する,2,107
428,compete,競う；〔通例否定文で〕(～に)匹敵する(with),2,107
429,rank,を位置づける，評価する；(ある地位に)位置する,2,107
430,deny,を否定する；を拒む,2,107
431,reject,を拒否する,2,108
432,intend,を意図する,2,108
433,expose,をさらす；を暴露する；を露出する,2,108
434,favor,に賛成する；を好む；をひいきする,2,108
435,inspire,(人)を奮起させる；を喚起する,2,108
436,propose,を提案する；をもくろむ；結婚を申し込む,2,109
437,spell,(語)をつづる；という語になる,2,109
438,breathe,呼吸する；を吸う,2,109
439,repair,を修理する；を修復する,2,109
440,consist,(～から)成る(of)；(～に)ある(in),2,109
441,comment,意見，コメント；批判,2,110
442,instruction,〔通例～s〕指示；〔～s〕(製品の)使用書,2,110
443,religion,宗教；信条；信仰(心),2,110
444,neighborhood,地域；近所,2,110
445,laboratory,実験室，研究室,2,110
446,presence,存在；出席；面前,2,111
447,confidence,自信；信頼；秘密,2,111
448,harm,害，損害,2,111
449,instrument,器具；楽器,2,111
450,category,部類，区分；範疇,2,111
451,capital,資本；首都；大文字,2,112
452,outcome,結果；成果,2,112
453,notion,概念，観念；見解；意向,2,112
454,review,(書物などの)論評；再調査；【米】復習,2,112
455,trait,特性,2,112
456,diversity,多様性；相違点,2,113
457,victim,犠牲(者)，被害者,2,113
458,occasion,場合，時；行事；機会,2,113
459,facility,施設，設備；機能；才能,2,113
460,stock,在庫品；蓄え；株,2,113
461,conference,会議；協議,2,114
462,humanity,人類；人間性；人情；〔(the) ～s〕人文科学,2,114
463,dialect,方言,2,114
464,proportion,割合；部分；釣り合い,2,114
465,tip,助言，秘訣；チップ；先端,2,114
466,lawyer,弁護士,2,115
467,stuff,(漠然と)物；素材；素質,2,115
468,comfort,快適さ；慰め,2,115
469,philosophy,哲学；原理；人生観,2,115
470,mammal,哺乳動物,2,115
471,quantity,量；分量,2,116
472,landscape,風景；領域；状況,2,116
473,tribe,部族；仲間,2,116
474,organ,器官，臓器；組織；(パイプ)オルガン,2,116
475,trial,試み，(品質・性能などの)試験；裁判；試用期間,2,116
476,norm,規範；標準,2,117
477,code,規範；暗号；法典,2,117
478,substance,物質；実体；趣旨,2,117
479,multiple,多様な；種々雑多な,2,117
480,numerous,非常に数の多い,2,117
481,narrow,狭い；細い；限られた,2,118
482,widespread,広範囲にわたる；広く普及した,2,118
483,sufficient,(～に；…するのに)十分な(for；to do),2,118
484,proper,適切な；正式の；〔名詞の後ろで〕主要な；(～に)固有の(to),2,118
485,linguistic,言語の，言語学の,2,118
486,annual,年1回の，例年の；1年間の,2,119
487,contemporary,現代の；同時代の；同年輩の,2,119
488,contrary,(～と)反対の(to),2,119
489,strict,(規則などが)厳しい；厳格な,2,119
490,civil,市民の；民間の；民事の,2,119
491,odd,奇妙な；奇数の,2,120
492,unknown,不明の；(～に)知られていない(to)，無名の,2,120
493,superior,よりすぐれた,2,120
494,sensitive,敏感な；神経質な；微妙な,2,120
495,violent,(人・気質などが)激しい；暴力的な,2,120
496,virtual,仮想の；事実上の,2,121
497,regardless,(～に)かまわない，無頓着な(of),2,121
498,immediate,即座の；当面の；すぐそばの；直接の,2,121
499,crucial,重要な,2,121
500,somewhat,いくぶん，多少,2,121
501,interpret,を解釈する；(を)通訳する,2,122
502,translate,を翻訳する；を(～に)変える(into),2,122
503,concentrate,(を)集中する,2,122
504,request,に(…するように)頼む(to do)；を要請する,2,122
505,criticize,を批判する；を批評する,2,122
506,overcome,を克服する,2,123
507,obtain,を得る,2,123
508,inform,に知らせる；情報を提供する,2,123
509,ensure,を確実にする；を守る,2,123
510,announce,を発表［公表］する，知らせる；(物事が)を告げる,2,123
511,grant,(人)に(許可・権利など)を与える；を認める,2,124
512,freeze,凍る；を凍らせる；(計画・資金など)を凍結する,2,124
513,oppose,に反対する；を対抗［対比］させる,2,124
514,differ,異なる,2,124
515,hate,をひどく嫌う；を残念に思う,2,124
516,emphasize,を強調する；を重視する,2,125
517,employ,を雇う；を使う,2,125
518,credit,(功績など)を(～に)帰する(to)；を信じる,2,125
519,transform,を変える；変わる,2,125
520,construct,を建設する；を構成する,2,125
521,arise,生じる,2,126
522,beat,を打ち負かす；(を)打つ，たたく,2,126
523,regret,を後悔する,2,126
524,alter,を変える；変わる,2,126
525,absorb,を吸収する；を併合する；を夢中にさせる,2,126
526,disappoint,を失望させる；(希望など)をくじく,2,127
527,cure,を治す；を取り除く；(病気が)治る,2,127
528,transport,を輸送する；を運ぶ,2,127
529,rush,急いで行く；性急に行動する；をせき立てる,2,127
530,hang,を掛ける；を絞首刑にする；垂れ(下が)る,2,127
531,blame,を責める；の責任を負わせる,2,128
532,ban,を(法的に)禁止する；を締め出す,2,128
533,fascinate,を魅了する,2,128
534,recover,回復する；を取り戻す,2,128
535,celebrate,を祝う；を挙行する,2,128
536,manufacture,を製造する；をでっち上げる,2,129
537,interact,影響し合う；相互に作用する,2,129
538,arrange,の段取りをつける；を手配する；を配置する,2,129
539,adjust,を調整する；を適合させる；順応する,2,129
540,confirm,を確認する；を裏づける,2,129
541,insight,見識，理解(力)；洞察力,2,130
542,innovation,革新；新機軸,2,130
543,budget,予算；経費,2,130
544,fee,料金；謝礼,2,130
545,expense,〔～s〕経費；費用；犠牲,2,130
546,debt,借金，負債；恩義,2,131
547,loan,貸付金，融資；貸すこと,2,131
548,duty,義務；〔しばしば～s〕職務；関税,2,131
549,alarm,不安，恐れ；警報装置,2,131
550,emergency,緊急(事態),2,131
551,democracy,民主主義，民主政治；民主国家,2,132
552,minister,大臣；(プロテスタント系の)聖職者,2,132
553,fellow,仲間，同僚；同級生；男,2,132
554,candidate,(～の)候補(者)(for)；志願者,2,132
555,corporation,(大)企業；法人,2,132
556,stereotype,固定観念；決まり文句,2,133
557,route,道(筋)；路線，ルート；(～の)手段(to),2,133
558,disorder,障害，(心身の)不調；混乱,2,133
559,depression,憂うつ；うつ病；不況；低気圧,2,133
560,weapon,兵器，武器,2,133
561,immigration,(他国からの)移民，移住；入国管理,2,134
562,barrier,(～に対する)障壁(against / to)；防壁,2,134
563,disadvantage,不利(な点)；障害；(信用などの)損失,2,134
564,mood,気分；機嫌；雰囲気,2,134
565,motion,動き，動作；運動；動議,2,134
566,routine,決まり切った仕事；いつもの手順,2,135
567,discipline,規律，しつけ；訓練；懲戒；学問分野,2,135
568,myth,作り話；神話,2,135
569,hypothesis,仮説；憶測,2,135
570,physician,【主に米】 医師；内科医,2,135
571,client,顧客；(弁護士などの)依頼人,2,136
572,colony,植民地；集団居住地,2,136
573,statistics,統計；統計学,2,136
574,grain,穀物；粒；きめ,2,136
575,ingredient,材料，成分；(成功の)要因,2,136
576,treasure,宝物，財宝；財産,2,137
577,contract,契約(書)；協定,2,137
578,welfare,福祉，幸福,2,137
579,prime,主要な，最も重要な；最適な；極上の,2,137
580,curious,好奇心の強い；奇妙な,2,137
581,dramatic,劇的な；演劇の,2,138
582,distinct,明らかに異なる；明瞭な,2,138
583,anxious,心配して；切望して,2,138
584,vital,必要不可欠な；活気のある；生命にかかわる,2,138
585,conventional,従来の；月並みな,2,138
586,abstract,抽象的な,2,139
587,minor,重要でない；小さい,2,139
588,extraordinary,並はずれた；異常な，驚くべき,2,139
589,stable,安定した；動じない,2,139
590,flexible,融通の利く，柔軟な,2,139
591,brief,簡潔な；短い,2,140
592,aggressive,攻撃的な；意欲的な,2,140
593,visible,(目に)見える；明白な,2,140
594,unexpected,思いがけない，不意の,2,140
595,ethnic,民族の，人種の；民族特有の,2,140
596,alien,(～にとって)異質の(to)；外国の；宇宙人の,2,141
597,initial,初めの,2,141
598,exact,正確な；まさにその,2,141
599,precise,正確な；精密な；まさにその,2,141
600,latter,後者の，後半の,2,141
601,commit,〔＋oneselfまたは受身形で〕献身する；(罪など)を犯す；を投入する,2,142
602,stimulate,を刺激する,2,142
603,enhance,(価値など)を高める，増す,2,142
604,pursue,を追求する；に従事する,2,142
605,react,反応する；化学反応を起こす,2,142
606,disagree,不賛成である；意見が食い違う,2,143
607,stare,じっと見る；を見つめる,2,143
608,abandon,を捨てる；を放棄する，断念する,2,143
609,quit,をやめる；(場所)を去る,2,143
610,capture,をとらえる；をとりこにする,2,143
611,transfer,を移す；を伝える；移る；乗り換える,2,144
612,bother,を悩ます；(～を)気にかける(about / with),2,144
613,persuade,を説得する；に確信させる,2,144
614,rent,を賃借りする；を賃貸しする,2,144
615,breed,を繁殖させる，育てる；繁殖する,2,144
616,invest,(を)投資する；に(～を)与える(with),2,145
617,reserve,を予約する；を取っておく；(判断など)を保留する,2,145
618,trace,(足跡・起源など)をたどる；を捜し出す,2,145
619,illustrate,を説明する；に挿絵を入れる,2,145
620,advise,に忠告［助言］する；(を)助言する,2,145
621,convey,を伝える；を運ぶ，運搬する,2,146
622,attach,を(取り)付ける；を付与する,2,146
623,stretch,を伸ばす；を広げる；伸びる；及ぶ,2,146
624,puzzle,を当惑させる,2,146
625,disturb,をかき乱す；を妨害する；を動揺させる,2,146
626,crash,衝突する，墜落する；をぶつけて壊す,2,147
627,cope,うまく処理する,2,147
628,permit,を許可する,2,147
629,impress,を感動させる；に印象を与える,2,147
630,suspect,ではないかと思う；(人)を疑う,2,147
631,upset,を動揺させる；をだめにする,2,148
632,frighten,(人)を怖がらせる,2,148
633,import,を輸入する；を取り込む,2,148
634,export,(を)輸出する,2,148
635,investigate,を調査する；を究明する；(～を)調査する(into),2,148
636,monitor,を監視する；を傍受する,2,149
637,calculate,を計算する；を予測する,2,149
638,eliminate,を取り除く,2,149
639,ease,を軽減する；和らぐ；緩む,2,149
640,launch,を開始する；を売り出す；を発射する,2,149
641,sequence,連続；一連(のもの),2,150
642,therapy,療法；心理療法,2,150
643,symptom,症状；兆候,2,150
644,incident,出来事，事件；紛争,2,150
645,witness,目撃者；証人；証拠，証言,2,150
646,sum,(金)額；合計；要点,2,151
647,burden,負担；(重い)義務；積み荷,2,151
648,tone,口調；音色；雰囲気；色調,2,151
649,honor,光栄；名誉；敬意,2,151
650,award,(～の)賞(for)；(証書などの)授与,2,151
651,priority,優先(事項),2,152
652,logic,論理；道理；論理学,2,152
653,minimum,最小限度,2,152
654,exception,(～の)例外(to),2,152
655,clue,(～の)手がかり(to / about)；(パズルの)ヒント,2,152
656,bond,絆；債券；束縛；接着剤,2,153
657,virus,ウイルス；(感染症の)病原体,2,153
658,surgery,(外科)手術；外科，外科医学,2,153
659,insurance,保険；保険料；保険金,2,153
660,frame,枠，(額)縁；骨組み；体格,2,153
661,shelter,避難(所)，保護,2,154
662,territory,領土；(活動の)領域；(動物の)テリトリー,2,154
663,boundary,境界(線)；〔通例～s〕限界,2,154
664,habitat,生息地；(人の)居住地,2,154
665,district,地区；行政区,2,154
666,conservation,(動植物などの)保護；保存,2,155
667,harvest,収穫(物)；収穫期；漁獲高,2,155
668,predator,捕食動物；略奪者,2,155
669,trap,わな；苦境,2,155
670,trick,こつ；策略；いたずら；芸当,2,155
671,fault,〔通例one's ～〕責任；欠点；誤り,2,156
672,discount,割引,2,156
673,bias,偏見；傾向,2,156
674,cooperation,協力，共同,2,156
675,patent,特許(権)；特許品,2,156
676,dialogue,対話，会話；意見の交換,2,157
677,component,構成要素；部品,2,157
678,reputation,評判；名声,2,157
679,verbal,言葉の；口頭での；動詞の,2,157
680,internal,内部の；国内の；内面的な,2,157
681,solid,しっかりした；硬い；固体の,2,158
682,remote,(～から)遠く離れた(from)；かけ離れた,2,158
683,principal,主要な；資本金の,2,158
684,sophisticated,高性能の，精巧な；洗練された,2,158
685,equivalent,等しい，相当する,2,158
686,rational,理性的な；合理的な,2,159
687,relevant,関係がある；適切な,2,159
688,absolute,絶対的な,2,159
689,frequent,頻繁な,2,159
690,permanent,永続的な,2,159
691,intense,強烈な；熱烈な,2,160
692,meaningful,意味のある,2,160
693,evil,邪悪な；有害な,2,160
694,extinct,絶滅した；廃止された,2,160
695,random,無作為の；手当たり次第の,2,160
696,raw,生の；未加工の,2,161
697,rude,無礼な；粗野な,2,161
698,mere,単なる，ほんの,2,161
699,tropical,熱帯の,2,161
700,forth,前へ，先へ；それ以降,2,161
701,possess,を所有している；の心をとらえる,3,162
702,dominate,を支配する；(～より)優勢である(over),3,162
703,guarantee,を保証する,3,162
704,melt,溶ける；なごむ；を溶かす,3,162
705,embarrass,に恥ずかしい思いをさせる,3,162
706,discourage,(人)にやる気をなくさせる；を落胆させる,3,163
707,detect,を感知する；を見つけ出す；に気づく,3,163
708,devote,をささげる,3,163
709,urge,に(強く)促す；を強く主張する；を駆り立てる,3,163
710,lend,を貸す；(人)に(助言・援助など)を与える,3,163
711,restrict,を制限する,3,164
712,isolate,を孤立させる,3,164
713,accompany,に同行する；に付随する,3,164
714,exhaust,を疲れ果てさせる；を使い尽くす；排気する,3,164
715,annoy,を悩ます；〔受身形で〕腹が立つ,3,164
716,endanger,を危険にさらす,3,165
717,acknowledge,(事実など)を認める；に謝意を表す,3,165
718,admire,に(～のことで)敬服［感心］する(for),3,165
719,evaluate,を評価する；を査定する,3,165
720,declare,を宣言する；を申告する,3,165
721,secure,を確保する；を守る,3,166
722,specialize,専門とする；【英】(～を)専攻する(in),3,166
723,attribute,(結果など)を(～に)帰する(to),3,166
724,pretend,(の)ふりをする,3,166
725,bury,を埋める；を埋葬する；を隠す,3,166
726,reverse,を逆転させる；を反対にする,3,167
727,resist,に抵抗する；〔通例否定文で〕を我慢する,3,167
728,scare,をおびえさせる；を脅す,3,167
729,imitate,をまねる；を模造する,3,167
730,assist,(を)援助する；を手伝う,3,167
731,resemble,に似ている,3,168
732,retire,(～から)引退する，退職する(from)；退く,3,168
733,neglect,をおろそかにする，怠る；を無視する,3,168
734,collapse,崩壊する；(人が)倒れる；を折り畳む,3,168
735,reform,を改革する；を改心させる,3,168
736,protest,(に)抗議する；を主張する,3,169
737,owe,に借りがある；のおかげである,3,169
738,sustain,を持続させる；を支える,3,169
739,assign,を割り当てる；を(～に)配属する(to),3,169
740,accomplish,を成し遂げる,3,169
741,wisdom,知恵；賢明さ；学識,3,170
742,literacy,読み書きの能力；(特定分野の)知識,3,170
743,heritage,遺産,3,170
744,mission,使命；(外交)使節団；布教,3,170
745,license,免許(証)；許可,3,170
746,elite,〔通例the ～〕〔集合的に〕エリート,3,171
747,layer,層,3,171
748,motor,モーター；原動力,3,171
749,protein,たんぱく質,3,171
750,profession,職業；専門職；同業者仲間,3,171
751,editor,編集者；編集長,3,172
752,agent,仲介者，代理人；薬剤,3,172
753,globe,地球；世界；球,3,172
754,haven,避難所，保護区；港,3,172
755,row,列；(建物が並ぶ)通り,3,172
756,sacrifice,犠牲；いけにえ,3,173
757,means,〔単数・複数扱い〕手段；〔複数扱い〕資力，収入,3,173
758,session,集まり；(議会の)会期；(開会中の)議会,3,173
759,league,(競技)連盟；同盟,3,173
760,contest,コンテスト，競技(会)；争い,3,173
761,guard,警備員；警備隊；監視，警戒,3,174
762,opponent,(試合・論争などの)相手；反対者,3,174
763,glance,(～を)ちらっと見ること(at),3,174
764,divorce,離婚；分離,3,174
765,tissue,(生物の)組織；ティッシュペーパー,3,174
766,liquid,液体,3,175
767,inequality,不平等；不公平な事柄,3,175
768,prejudice,(～に対する)偏見(against),3,175
769,justice,公正，正義；司法,3,175
770,guideline,指針，ガイドライン；指導基準,3,175
771,platform,プラットフォーム；演壇；舞台,3,176
772,sector,(社会・経済などの)部門，セクター；(都市内の)地域,3,176
773,channel,チャンネル；伝達経路；海峡,3,176
774,glacier,氷河,3,176
775,primate,霊長目の動物,3,176
776,usage,(使)用法；語法；習慣,3,177
777,fortune,財産；幸運；運命,3,177
778,correlation,相互関係，相関(関係),3,177
779,artistic,芸術的な,3,177
780,literary,文学の；文語の,3,177
781,classic,第一級の；典型的な；定番の,3,178
782,liberal,自由主義の；寛大な；一般教養の,3,178
783,concrete,具体的な；有形の,3,178
784,slight,わずかな；取るに足らない,3,178
785,federal,連邦(政府)の,3,178
786,primitive,原始的な；未開の,3,179
787,unfamiliar,(～に)不慣れな(with)；(～に)(よく)知られていない(to),3,179
788,subtle,微妙な；(気体などが)希薄な,3,179
789,plain,明らかな；平易な；飾りのない；率直な,3,179
790,marine,海の；船舶の,3,179
791,apparent,明白な；一見～らしい,3,180
792,reluctant,気が進まない，嫌がる,3,180
793,temporary,一時的な,3,180
794,guilty,罪悪感のある；(～について)有罪の(of),3,180
795,royal,王の,3,180
796,pure,純粋な；潔白な；まったくの,3,181
797,incredible,信じられない；すばらしい,3,181
798,eager,(～を)熱望して(for)；熱心な,3,181
799,adequate,十分な；適切な,3,181
800,via,～経由で；～の媒介で,3,181
801,assess,を評価する；を査定する,3,182
802,approve,賛成する；を承認する,3,182
803,remark,と述べる；(～について)意見を述べる(on / upon),3,182
804,pose,(危険)を引き起こす；(問題など)を提起する；ポーズをとる；(～を)装う(as),3,182
805,yield,をもたらす；を(～に)譲る(to)；(～に)屈する(to),3,182
806,exhibit,を示す，見せる；を展示する,3,183
807,distribute,を(～に)分配する(to)；〔受身形で〕分布する,3,183
808,command,を命じる；を指揮する；(景色)を見渡せる,3,183
809,occupy,(空間・時間)を占める；を占領する,3,183
810,pop,ひょいと動く；不意に現れる；ポンとはじける,3,183
811,pile,を積み重ねる；積み重なる,3,184
812,greet,に挨拶する；を迎える,3,184
813,apologize,(～に；～のことで)謝る(to；for)；弁明する,3,184
814,frustrate,をいら立たせる；(計画・希望など)を挫折させる,3,184
815,relieve,を和らげる；〔受身形で〕(…して)安心する(to do)；を解放する,3,184
816,derive,由来する；を引き出す；を推論する,3,185
817,deserve,に値する,3,185
818,peer,(～を)じっと見る(at / into),3,185
819,defeat,を負かす；を失敗させる,3,185
820,convert,を変える；を改宗［転向］させる；を交換する,3,185
821,wed,と結婚する；を(～と)結婚させる(to),3,186
822,delight,を喜ばせる；(～を)大いに喜ぶ(in),3,186
823,boost,を押し上げる；を増加させる,3,186
824,endure,に耐える；(に)持ちこたえる,3,186
825,correspond,一致する；(～に)相当する(to)；文通する,3,186
826,impose,を課す；を押しつける,3,187
827,rescue,を救う,3,187
828,resolve,を解決する；を決意する；を議決する,3,187
829,register,を記録する，登録する；(～に)登録する(for),3,187
830,interrupt,を中断させる；(の)邪魔をする,3,187
831,rid,から(～を)取り除く，除去する(of),3,188
832,prohibit,を禁止する,3,188
833,compose,を構成する；を創作する；を鎮静する,3,188
834,misunderstand,(を)誤解する,3,188
835,punish,を罰する；に損傷を与える,3,188
836,ruin,をだめにする；を破滅させる；破滅する,3,189
837,defend,を防御する；を弁護する,3,189
838,embrace,を受け入れる；(を)抱擁する；を包含する,3,189
839,modify,を修正する；を緩和する,3,189
840,qualify,(人)に資格を与える；資格がある,3,189
841,passion,情熱；熱中；激怒,3,190
842,enthusiasm,(～への)熱情，熱意(for),3,190
843,phase,段階，局面；側面,3,190
844,mode,方式；気分；形態；流行,3,190
845,span,期間；範囲,3,190
846,gravity,重力，引力；重量；重大さ,3,191
847,orbit,軌道；(活動・勢力などの)範囲,3,191
848,asteroid,小惑星；ヒトデ,3,191
849,core,核心；芯,3,191
850,soul,精神；魂，霊魂；生気,3,191
851,nerve,神経；〔～s〕神経過敏；(…する)度胸(to do),3,192
852,infection,感染(症),3,192
853,mall,【主に米】 モール，ショッピングセンター,3,192
854,grocery,〔～s〕食料雑貨；食料雑貨店,3,192
855,humore,ユーモア；気分，機嫌；気質,3,192
856,instinct,本能；勘，直感；(自然に起こる)衝動,3,193
857,faith,(～への)信頼(in)；信仰(心),3,193
858,courage,勇気,3,193
859,incentive,動機(づけ)；報奨金,3,193
860,prospect,見込み；〔～s〕(未来への)展望；有望な人,3,193
861,obstacle,(～に対する)障害(物)(to),3,194
862,architecture,建築；建築様式；構造,3,194
863,stem,(草木の)茎，幹,3,194
864,illusion,錯覚，思い違い；幻想,3,194
865,discrimination,(～に対する)差別(against)；区別,3,194
866,shame,恥；残念なこと,3,195
867,drought,干ばつ；(慢性的な)不足,3,195
868,flavor,風味；特色,3,195
869,portion,部分；1人前；割り当て,3,195
870,recipe,調理法，レシピ；手順；秘訣,3,195
871,luxury,ぜいたく(品)；〔形容詞的に〕豪華な,3,196
872,chip,小片，破片；欠けた箇所；集積回路,3,196
873,ritual,儀式；(日常の)習慣的行為,3,196
874,sake,〔for the ～ ofで〕のために，の目的で；に免じて,3,196
875,prefecture,(日本の)県，府；(フランスなどの)県,3,196
876,council,(地方)議会；評議会；(公の)会議,3,197
877,administration,管理(部)；行政；政府(機関),3,197
878,curriculum,教育課程，カリキュラム,3,197
879,precious,貴重な；高価な,3,197
880,generous,寛大な；気前のよい；豊富な,3,197
881,casual,何気ない；形式ばらない,3,198
882,optimistic,楽観的な,3,198
883,rough,粗い；大まかな；乱暴な,3,198
884,unpleasant,不愉快な；不親切な，無礼な,3,198
885,Arctic,北極の,3,198
886,ultimate,究極の,3,199
887,deaf,耳が聞こえない,3,199
888,genuine,本物の；偽りのない,3,199
889,manual,体［手］を使う；手の；手動式の,3,199
890,mechanical,機械の；機械的な,3,199
891,instant,即時の，すぐの；即席の,3,200
892,spare,余分の，予備の,3,200
893,immune,(～に対して)免疫を持つ(to)；(～を)免れた(from),3,200
894,harsh,厳しい；(光・色・味などが)不快な,3,200
895,collective,集団の，共同の,3,200
896,inevitable,避けられない,3,201
897,profound,重大な；深い；難解な,3,201
898,steady,着実な，一定の；安定した,3,201
899,mature,成熟した；熟した,3,201
900,likewise,同様に,3,201
901,chase,(を)追跡する；(を)追求する,3,202
902,sue,を告訴する；(～を求めて)訴訟を起こす(for),3,202
903,gaze,じっと見る,3,202
904,slip,滑る；滑り落ちる；そっと動く,3,202
905,load,に積む；に負わせる,3,202
906,overwhelm,を圧倒する；を(精神的に)打ちのめす,3,203
907,wander,歩き回る；それる；はぐれる,3,203
908,float,漂う，浮かぶ；を浮かべる,3,203
909,pour,を注ぐ；激しく降る；押し寄せる,3,203
910,substitute,を代わりに使う；(～の)代理をする(for),3,203
911,pronounce,を発音する；を宣言する,3,204
912,shrink,縮む，縮小する；減少する；ひるむ,3,204
913,restore,を回復させる；を修復する,3,204
914,trigger,を引き起こす；のきっかけとなる,3,204
915,grab,をつかむ；を横取りする；を急いで食べる,3,204
916,retain,を保持する；を覚えている,3,205
917,reproduce,を複製する；を繁殖させる；繁殖する,3,205
918,bob,上下に動く；急に動く；を上下に動かす,3,205
919,entertain,を楽しませる；をもてなす,3,205
920,interfere,干渉する，介入する；邪魔する,3,205
921,cultivate,を養う；を耕す；を栽培する,3,206
922,underlie,の根底にある,3,206
923,anticipate,を予期する；楽しみに待つ,3,206
924,justify,を正当化する,3,206
925,regulate,を規制する；を調整する,3,206
926,scan,を走査［スキャン］する；をざっと見る；を注意深く調べる,3,207
927,classify,を分類する；を機密扱いにする,3,207
928,submit,を提出する；〔＋oneselfで〕(～に)従う(to),3,207
929,pause,(一時的に)中止する；(一瞬)立ち止まる,3,207
930,lean,傾く；寄りかかる；をもたせかける,3,207
931,bump,ぶつかる；をぶつける,3,208
932,fold,を折り畳む；(両腕)を組む；(折り)畳める,3,208
933,hesitate,躊躇する，ためらう,3,208
934,pump,(液体・気体)をポンプで送り込む；をくみ出す；を注ぎ込む,3,208
935,mount,を据えつける；に着手する；(自転車など)に乗る；増える,3,208
936,exceed,を超える；に勝る,3,209
937,undergo,を経験する；(手術など)を受ける；に耐える,3,209
938,confront,に立ち向かう；(困難などが)に立ちはだかる,3,209
939,consult,(に)相談する；を参照する,3,209
940,fulfill,を実現させる；を果たす；を満たす,3,209
941,privilege,特権，特典,3,210
942,formation,形成；構成(物)；隊列,3,210
943,dimension,側面，局面；次元；寸法,3,210
944,neuron,ニューロン，神経単位,3,210
945,sensation,感覚；大評判,3,210
946,chart,図，グラフ；海図；ヒットチャート,3,211
947,geography,〔the ～〕地理；地理学,3,211
948,panel,(専門家の)一団；討論者一同；羽目板,3,211
949,semester,【主に米】 (2学期制の)学期,3,211
950,workforce,労働人口，総労働力；全従業員(数),3,211
951,mill,製造工場；製粉所；粉ひき機,3,212
952,abuse,乱用；虐待,3,212
953,vice,(道徳上の)悪；欠点,3,212
954,fate,運命；結末；最期,3,212
955,tragedy,悲劇(的な事態),3,212
956,scenario,(予想される)筋書き，事態；脚本,3,213
957,allergy,アレルギー,3,213
958,wound,(銃弾・刃物などによる)傷；痛手,3,213
959,antibiotic,〔通例～s〕抗生物質,3,213
960,vaccine,ワクチン,3,213
961,metaphor,隠喩；比喩,3,214
962,folk,人々；〔～s〕皆さん；〔one's ～s〕家族,3,214
963,fare,(乗り物の)料金,3,214
964,transition,移り変わり；過渡期,3,214
965,maximum,最大限,3,214
966,galaxy,星雲，銀河；〔the G～〕銀河系,3,215
967,mineral,鉱物；ミネラル,3,215
968,skeleton,骨格；骨組み；概略,3,215
969,counterpart,相当する物［人］,3,215
970,stroke,脳卒中；(ボールを)打つこと；(雷などの)一撃,3,215
971,pedestrian,歩行者,3,216
972,trail,(野山などの)小道；跡；手がかり,3,216
973,ecology,生態学；生態系；環境保護,3,216
974,sibling,きょうだい(の1人),3,216
975,ratio,比率,3,216
976,mixture,混合(物),3,217
977,charm,魅力；お守り,3,217
978,ambition,(～に対する)願望，野望(for)；野心,3,217
979,prominent,卓越した；目立つ,3,217
980,radical,急進的な；根本的な,3,217
981,prompt,即座の，迅速な,3,218
982,informal,形式ばらない，略式の；(言葉が)くだけた,3,218
983,mutual,相互の；共通の,3,218
984,neutral,中立の；(特徴・表情などが)はっきりしない,3,218
985,alert,警戒して；敏速な,3,218
986,magnetic,磁気の；磁石の；人を引きつける,3,219
987,polar,極地の；電極の,3,219
988,fluent,流ちょうな,3,219
989,external,外部の；対外的な,3,219
990,passive,受動的な；消極的な,3,219
991,awful,ひどい；嫌な；ものすごい,3,220
992,unrelated,無関係の；血縁関係がない,3,220
993,cruel,残酷な；むごい,3,220
994,fake,偽の；見せかけだけの,3,220
995,vulnerable,(攻撃などに)弱い，もろい；傷つきやすい,3,220
996,urgent,緊急の,3,221
997,spiritual,精神の；霊的な,3,221
998,modest,謙虚な；適度な；質素な,3,221
999,keen,熱心な；鋭敏な；(感情・関心などが)強い,3,221
1000,nonetheless,それにもかかわらず，それでもなお,3,221
1001,negotiate,交渉する；を(交渉して)取り決める,4,222
1002,grasp,を把握［理解］する；をしっかり握る,4,222
1003,donate,を寄付する；(臓器・血液)を提供する,4,222
1004,arrest,を逮捕する；を止める；(注意)を引く,4,222
1005,crack,ひびが入る；にひびを入れる,4,222
1006,tap,を軽くたたく；(液体)を出す；を盗聴する,4,223
1007,split,を分割する；を分担する；分裂する,4,223
1008,forecast,を予想［予測］する,4,223
1009,exclude,を除外する,4,223
1010,overlook,を見落とす；を大目に見る；を見渡す,4,223
1011,burst,破裂する；(～を)突然始める(into),4,224
1012,heal,(人・傷など)を治す；治る,4,224
1013,forbid,を禁じる,4,224
1014,install,をインストールする；を設置する；を就任させる,4,224
1015,diminish,を減らす；減少する,4,224
1016,cite,を引き合いに出す；を引用する,4,225
1017,quote,を引用する；を引き合いに出す,4,225
1018,dispute,に異議を唱える；(を)議論する,4,225
1019,highlight,を目立たせる，強調する,4,225
1020,distract,(注意など)をそらす,4,225
1021,cheat,をだます；不正をする,4,226
1022,foster,をはぐくむ；を養育する；を心に抱く,4,226
1023,obey,に従う；に服従する,4,226
1024,bend,を曲げる；を屈服させる；曲がる,4,226
1025,deprive,から(権利などを)奪う,4,226
1026,govern,(を)統治する，支配する,4,227
1027,log,〔＋onで〕ログオンする；を記録する,4,227
1028,transmit,を伝える；(電波・信号など)を送る,4,227
1029,bully,をいじめる；を脅す,4,227
1030,leap,跳ぶ；さっと動く；急上昇する,4,227
1031,astonish,を驚かす,4,228
1032,thrill,をぞくぞくさせる；わくわくする,4,228
1033,nod,うなずく；会釈する；うとうとする,4,228
1034,bow,おじぎする；屈服する,4,228
1035,blend,を混ぜる；を調和させる；(～に)溶け込む(into),4,228
1036,complicate,を複雑にする,4,229
1037,pitch,を投げる；倒れる；縦揺れする,4,229
1038,persist,続く；固執する,4,229
1039,dedicate,をささげる；を献呈する,4,229
1040,equip,に備えつける,4,229
1041,premise,前提；〔～s〕(建物を含めた)構内，敷地,4,230
1042,input,入力(情報)，投入；(情報・時間などの)提供,4,230
1043,merit,利点；功績；真価,4,230
1044,sympathy,同情；(～に対する)共感(with/for),4,230
1045,compliment,賛辞；表敬,4,230
1046,infrastructure,インフラ，基本的施設；(経済)基盤,4,231
1047,ray,光線；ひらめき，一筋の光明,4,231
1048,distress,苦悩；苦痛；困窮,4,231
1049,joint,関節；接合(部),4,231
1050,expedition,遠征(隊)，探検(隊),4,231
1051,adolescent,青年；青年期の,4,232
1052,shade,(日)陰；色合い；日よけ；微妙な相違,4,232
1053,jury,陪審(員団)；審査員団,4,232
1054,ethic,倫理，道徳；〔～s〕倫理［道徳］規範,4,232
1055,penalty,(刑)罰；罰金；ペナルティー,4,232
1056,faculty,能力，機能；学部；教授陣,4,233
1057,scheme,計画；体系；陰謀,4,233
1058,nutrition,栄養(の摂取),4,233
1059,particle,(微)粒子；ほんのわずか,4,233
1060,molecule,分子；微粒子,4,233
1061,nationality,国籍；国民；国民性,4,234
1062,poll,世論調査；投票(数),4,234
1063,clinic,診療所，クリニック；(病院内の)～科,4,234
1064,dementia,認知症,4,234
1065,fatigue,疲労,4,234
1066,dilemma,ジレンマ，板ばさみ,4,235
1067,queue,【英】(順番を待つ)列,4,235
1068,curve,(道路などの)カーブ；曲線,4,235
1069,narrative,物語，話；(小説の)叙述部分，地の文,4,235
1070,fingerprint,指紋,4,235
1071,file,ファイル；(書類の)とじ込み,4,236
1072,wilder,荒野；(庭・町などの)放置された部分,4,236
1073,pesticide,殺虫剤；除草剤,4,236
1074,panic,パニック(状態)；狼狽,4,236
1075,fabric,織物，布(地)；構造,4,236
1076,fantasy,空想；幻想；幻想的作品,4,237
1077,fancy,(気まぐれな)好み；空想；思いつき,4,237
1078,virtue,美徳；長所；効能,4,237
1079,grateful,感謝している,4,237
1080,valid,妥当な；有効な,4,237
1081,elaborate,入念な；凝った,4,238
1082,moderate,適度な；穏健な,4,238
1083,dynamic,活動的な，精力的な；動的な,4,238
1084,brave,勇敢な；見事な,4,238
1085,brilliant,すばらしい；才能にあふれた；きらめく,4,238
1086,tremendous,途方もない，莫大な；すばらしい,4,239
1087,oral,口頭の,4,239
1088,innocent,無罪の；無邪気な；無知の,4,239
1089,subsequent,その後の,4,239
1090,shallow,浅い；浅薄な,4,239
1091,indifferent,無関心な,4,240
1092,inferior,より劣った,4,240
1093,awkward,気まずい；ぎこちない；厄介な,4,240
1094,obese,肥満した,4,240
1095,pregnant,妊娠した；(～で)満ちている(with),4,240
1096,intimate,親密な；密接な,4,241
1097,medieval,中世の；時代遅れの,4,241
1098,sacred,神聖な；宗教的な；厳粛な,4,241
1099,simultaneously,(～と)同時に(with)；一斉に,4,241
1100,versus,〔A ～ Bで〕A対B；AかBか,4,241
1101,proceed,進む，進行する；(～を)続行する(with),4,242
1102,orient,(人)を(環境などに)慣らす(to)；[受身形で](関心などが)(～に)向いている(to/toward),4,242
1103,surf,(インターネット上の情報など)を見て回る；サーフィンをする,4,242
1104,filter,をろ過する；を取り除く,4,242
1105,bind,を縛る；を束縛する；を結び付ける,4,242
1106,resort,(好ましくない手段に)訴える，頼る(to),4,243
1107,reinforce,を強化する；を補強する,4,243
1108,accumulate,を蓄積する，集める；積もる,4,243
1109,bet,と確信する，断言する；(金などを)かける,4,243
1110,advocate,を主張する；を擁護する,4,243
1111,constitute,を構成する；になる，に等しい,4,244
1112,undertake,を引き受ける；を保証する；に着手する,4,244
1113,grip,を握る；をとらえる,4,244
1114,dismiss,(意見など)を退ける；を解雇する,4,244
1115,fade,薄れる；衰える,4,244
1116,conceal,を隠す；を秘密にする,4,245
1117,chew,(を)かむ；をかみ砕く,4,245
1118,swallow,(を)飲み込む；をうのみにする；に耐える,4,245
1119,seal,を密閉する；に封をする,4,245
1120,migrate,移住する；(鳥などが)渡る,4,245
1121,exaggerate,(を)誇張する；を強調する,4,246
1122,accuse,を非難する；を告訴する,4,246
1123,vanish,消える,4,246
1124,polish,を磨く；を洗練させる,4,246
1125,wipe,を拭く；を拭き取る；を消し去る,4,246
1126,sweep,(を)掃く；を一掃する；さっと通過する,4,247
1127,mislead,を誤解させる，欺く；(人)を間違った方向に導く,4,247
1128,spoil,を台無しにする；を甘やかす；だめになる,4,247
1129,compound,を悪化させる；を合成する；を混合する,4,247
1130,explode,爆発する；急増する；を論破する,4,247
1131,disgust,をむかつかせる；に愛想を尽かせる,4,248
1132,commute,通勤［通学］する,4,248
1133,decorate,を装飾する,4,248
1134,postpone,を延期する,4,248
1135,cease,をやめる；終わる,4,248
1136,compromise,妥協する；を危うくする,4,249
1137,elect,を選出する,4,249
1138,extract,を取り［搾り］出す；を抜粋する,4,249
1139,inherit,を受け継ぐ；を相続する,4,249
1140,rear,(人・動物・植物)を育てる,4,249
1141,empathy,感情移入，共感,4,250
1142,cue,合図；手がかり；(次の演技の)キュー,4,250
1143,enterprise,企業，事業；企画；進取の気性,4,250
1144,output,生産(高)；出力；排出(量),4,250
1145,congress,(米国などの)議会；会議,4,250
1146,millennium,千年間，千年紀,4,251
1147,mankind,人類,4,251
1148,Muslim,イスラム教徒,4,251
1149,estate,(動産・不動産などの)財産；私有地,4,251
1150,landmine,地雷,4,251
1151,caution,用心；警告,4,252
1152,controversy,論争,4,252
1153,consensus,総意；(意見の)一致,4,252
1154,retail,小売り,4,252
1155,fiber,繊維(質)；本質；精神力,4,252
1156,scent,(よい)香り；香水,4,253
1157,beverage,(水以外の)飲み物，飲料,4,253
1158,supplement,栄養補助剤，サプリメント；補足,4,253
1159,diabetes,糖尿病,4,253
1160,province,州，省；〔the ～s〕地方；分野,4,253
1161,reef,(岩や砂の)礁；暗礁,4,254
1162,microbe,微生物；細菌,4,254
1163,excess,過剰，超過,4,254
1164,gallery,美術館，画廊；観客，ギャラリー；回廊,4,254
1165,fame,名声,4,254
1166,deadline,締め切り,4,255
1167,undergraduate,学部学生,4,255
1168,slavery,奴隷制度；苦役,4,255
1169,prey,獲物；犠牲者,4,255
1170,mess,散らかった状態［物］；混乱状態,4,255
1171,recession,不況；後退,4,256
1172,retreat,後退，退却；(計画・決定などの)撤回,4,256
1173,grave,墓；〔通例the ～〕死,4,256
1174,column,コラム；(新聞などの)欄；円柱；(縦)列,4,256
1175,scenery,〔集合的に〕景色；背景,4,256
1176,plot,(小説などの)筋；陰謀,4,257
1177,sculpture,彫刻(作品),4,257
1178,tablet,タブレット(型情報端末)；錠剤；平板,4,257
1179,dense,密集した，密度の高い；(霧などが)濃い,4,257
1180,exotic,外来の；異国風の,4,257
1181,acid,酸性の；酸っぱい；辛辣な,4,258
1182,bitter,苦い，つらい；辛辣な；怒りっぽい,4,258
1183,sensible,賢明な；実用的な；顕著な,4,258
1184,noble,高貴な；堂々とした；高潔な,4,258
1185,vague,漠然とした，あいまいな；おぼろげな,4,258
1186,parallel,(～と)平行［並行］の(to)；類似した,4,259
1187,tense,張り詰めた，緊張した,4,259
1188,vertical,垂直の；縦方向の,4,259
1189,indigenous,原産の，先住の；(その土地に)固有の,4,259
1190,aboriginal,〔通例A～〕アボリジニの；原生の，先住の,4,259
1191,seasonal,季節の，季節的な,4,260
1192,abundant,豊富な；(～に)富む(in),4,260
1193,hybird,ハイブリッドの；雑種の；混成の,4,260
1194,irrelevant,(～にとって)無関係の(to)；見当違いの,4,260
1195,ridiculous,ばかげた；法外な,4,260
1196,fairy,妖精の(ような),4,261
1197,sensory,感覚の,4,261
1198,chronic,慢性の；長引く；常習の,4,261
1199,voluntary,自発的な；無償の,4,261
1200,inclined,傾向がある；傾いた,4,261
1201,infer,を推論する，推測する,5,262
1202,esteem,を尊敬する；を見なす,5,262
1203,tackle,に取り組む；と(～のことで)話をつける(about / on),5,262
1204,venture,危険を冒して進む；を思い切ってする,5,262
1205,accelerate,を加速させる，促進する；加速する,5,262
1206,accustom,(人)を慣れさせる,5,263
1207,amuse,をおもしろがらせる，楽しませる,5,263
1208,flourish,繁栄する；繁茂する；を振りかざす,5,263
1209,thrive,繁栄する，うまくいく；繁茂する,5,263
1210,nurture,をはぐくむ；を養成する,5,263
1211,click,(を)クリックする；をカチッと鳴らす；カチッと音がする,5,264
1212,spin,回転する；を回転させる；(糸)を紡ぐ,5,264
1213,clip,を切り抜く；を(はさみで)切り取る；をクリップで留める,5,264
1214,drag,を引きずる；ぐずぐずする,5,264
1215,cast,を投じる；に役を当てる,5,264
1216,scatter,をまき散らす；分散する,5,265
1217,tempt,を(…する)気にさせる(to do)；を引きつける,5,265
1218,withdraw,を引き出す；を撤回する；撤退する,5,265
1219,yawn,あくびをする,5,265
1220,blink,まばたきする；点滅する；(目)をまたたく,5,265
1221,dye,を染める；染まる,5,266
1222,spill,をこぼす；こぼれる,5,266
1223,irritate,をいらいらさせる；をひりひりさせる,5,266
1224,insult,を侮辱する,5,266
1225,enforce,を施行［実施］する；を(～に)強制する(on / upon),5,266
1226,rob,から(金品を)奪う,5,267
1227,drain,(液体)を流出させる；(液体が)流れ出る,5,267
1228,suspend,を停職［停学，出場停止］にする；を一時的に中断する,5,267
1229,drift,漂う；さまよう；を押し流す,5,267
1230,forgive,を許す；を免除する,5,267
1231,revise,を修正する；を改訂する,5,268
1232,recruit,を募る；に新人を補充する,5,268
1233,twist,をねじる，ひねる；を歪曲する,5,268
1234,crush,を押しつぶす；を弾圧する；を絞り出す,5,268
1235,pin,をピンで留める；を突き刺す,5,268
1236,uncover,を暴く；を発掘する,5,269
1237,exploit,を活用する；を搾取する，につけ込む,5,269
1238,implement,を実行［実施］する,5,269
1239,integrate,を統合する；融合する,5,269
1240,incorporate,を取り入れる；を法人にする；合併する,5,269
1241,profile,人物の紹介；横顔；輪郭,5,270
1242,appetite,食欲；欲求,5,270
1243,impulse,衝動；刺激,5,270
1244,script,台本；筆跡,5,270
1245,anniversary,(～周年)記念日,5,270
1246,pension,年金,5,271
1247,temper,気質，気性；機嫌；かんしゃく,5,271
1248,cortex,皮質；樹皮,5,271
1249,syndrome,症候群；～現象,5,271
1250,chamber,(特定の目的の)部屋；議場；〔the ～〕議院,5,271
1251,utility,公共事業；公共料金；実用性,5,272
1252,cattle,〔集合的に〕牛,5,272
1253,herd,(牛などの)群れ；群衆,5,272
1254,fluid,流動体，液体,5,272
1255,pity,残念なこと；哀れみ,5,272
1256,priest,聖職者,5,273
1257,acquaintance,知人；面識；知識,5,273
1258,offspring,子孫，子；成果,5,273
1259,famine,飢饉；(食糧・物資の)ひどい不足,5,273
1260,deforestation,森林伐採,5,273
1261,jail,刑務所，拘置所,5,274
1262,commodity,商品；有用なもの,5,274
1263,format,書式，形式；(本などの)型,5,274
1264,recipient,受け取る人；(臓器などの)被提供者,5,274
1265,drill,訓練；(反復)練習；ドリル，錐,5,274
1266,inability,無能，無力,5,275
1267,republic,共和国；共和制,5,275
1268,combat,戦闘；対立,5,275
1269,debris,(破壊された後の)残骸，瓦礫；がらくた,5,275
1270,bug,病原菌(が起こす病気)；虫；盗聴器；(機械・プログラムの)欠陥,5,275
1271,fraction,わずか，一部；分数,5,276
1272,index,指標；索引；指数,5,276
1273,intuition,直観(力)，直感,5,276
1274,motive,動機,5,276
1275,consent,同意，承諾,5,276
1276,hierarchy,(社会の)階層制；〔the ～〕支配層,5,277
1277,monument,記念碑，遺跡；金字塔,5,277
1278,asset,〔通例～s〕資産；価値のあるもの；利点,5,277
1279,decent,まずまずの；きちんとした；上品な,5,277
1280,competent,有能な；適任の；満足できる,5,277
1281,straightforward,単純な；率直な,5,278
1282,cosmetic,化粧の，美容の；うわべの,5,278
1283,delicate,繊細な；扱いにくい；もろい,5,278
1284,interior,室内の；内部の,5,278
1285,transparent,透明な；明快な,5,278
1286,aesthetic,美的な；美学の,5,279
1287,deliberate,故意の；慎重な,5,279
1288,demographic,人口統計学の,5,279
1289,prehistoric,有史以前の；旧式な,5,279
1290,innate,生まれながらの；固有の,5,279
1291,mild,穏やかな；(程度が)軽い,5,280
1292,toxic,有毒な；中毒性の,5,280
1293,ashamed,恥じて,5,280
1294,humble,謙虚な；質素な；身分が低い,5,280
1295,peculiar,特有の；特異な,5,280
1296,steep,(傾斜が)急な；急激な；法外な,5,281
1297,trivial,ささいな，取るに足りない,5,281
1298,magnificent,壮大な；見事な,5,281
1299,wireless,無線(電信)の，ラジオの,5,281
1300,ongoing,継続している，進行中の,5,281
1301,assure,に自信を持って言う；を保証する,5,282
1302,precede,に先行する；に優先する,5,282
1303,revive,を復活させる；復活する,5,282
1304,compel,に強いる,5,282
1305,blossom,花が咲く；発展する,5,282
1306,terrify,を怖がらせる；を脅かす,5,283
1307,violate,(法律・規則など)に違反する；を侵害する,5,283
1308,suppress,を抑える；を抑圧する,5,283
1309,deceive,をだます,5,283
1310,manipulate,を(巧みに)操る；を改ざんする,5,283
1311,starve,飢える；(～を)渇望する(for)；を飢えさせる,5,284
1312,flee,(から)逃げる,5,284
1313,whisper,(を)ささやく,5,284
1314,yell,叫ぶ，どなる,5,284
1315,deposit,を置く；を預ける；を堆積させる,5,284
1316,confine,を限定する；〔通例受身形で〕閉じ込められる,5,285
1317,swing,を揺らす，振る；揺れる；(行動に)さっと移る,5,285
1318,prolong,を長引かせる,5,285
1319,depict,を描く,5,285
1320,outline,の要点を述べる；の輪郭を描く,5,285
1321,shed,を捨て去る；(光など)を放つ；(涙・血)を流す,5,286
1322,emit,(光・熱など)を出す，排出する；(信号)を送る,5,286
1323,renew,を更新する；(資源)を再生する,5,286
1324,utilize,を利用する,5,286
1325,assert,を主張する,5,286
1326,strain,に負担をかける；を緊張させる；を漉す,5,287
1327,strive,努力する；争う,5,287
1328,dare,あえて［思い切って］…する,5,287
1329,boast,を誇る；(を)自慢する,5,287
1330,startle,をびっくりさせる,5,287
1331,offend,の気分を害する；(に)違反する,5,288
1332,compute,(を)計算する；コンピューターを使う,5,288
1333,assemble,を集める；を組み立てる；集まる,5,288
1334,worsen,を悪化させる；悪化する,5,288
1335,flip,を(ぱっと)裏返す；を軽くはじく,5,288
1336,rub,(を)こする；(～に)を塗る(on / over),5,289
1337,descend,(を)降りる；受け継がれる,5,289
1338,compensate,補償する；に償う,5,289
1339,comprise,から成る；を構成する,5,289
1340,prevail,普及している；支配的である；(～に)打ち勝つ(over),5,289
1341,quest,探究,5,290
1342,dignity,尊厳；威厳,5,290
1343,criterion,(判断・評価の)基準,5,290
1344,paradox,逆説；矛盾,5,290
1345,parliament,(英国などの)議会；国会議員(団),5,290
1346,legislation,法律；立法,5,291
1347,agenda,協議事項(リスト)；議事日程(表)；(政治上の)課題,5,291
1348,mainstream,(活動・思潮などの)主流；大勢,5,291
1349,troop,〔～s〕軍隊；集団,5,291
1350,epidemic,流行(病)；蔓延,5,291
1351,outbreak,発生，勃発,5,292
1352,chaos,混沌，大混乱,5,292
1353,nightmare,悪夢(のような状況)；不安感,5,292
1354,horror,恐怖；強い嫌悪；嫌な物［人］,5,292
1355,cluster,集団；(植物の)房，束,5,292
1356,pollen,花粉,5,293
1357,hive,ミツバチの巣(箱)；人の集まる所,5,293
1358,irrigation,灌漑,5,293
1359,dose,(薬の1回分の)服用量；放射線の1回の照射量,5,293
1360,suicide,自殺；自殺的行為,5,293
1361,feast,祝宴；大ごちそう；楽しみ,5,294
1362,cuisine,(独特の)料理，料理法,5,294
1363,rumor,うわさ,5,294
1364,proverb,ことわざ,5,294
1365,signature,署名；特徴,5,294
1366,formula,方法，解決策；公式,5,295
1367,tuition,【主に米】 授業料；(個人)指導,5,295
1368,intake,摂取量；受け入れ数；取り入れること,5,295
1369,spectrum,スペクトル；(波動・変動の)範囲,5,295
1370,kidney,腎臓,5,295
1371,gear,用具(一式)，器具；歯車；ギア,5,296
1372,aisle,(座席間などの)通路,5,296
1373,grief,深い悲しみ,5,296
1374,destiny,運命,5,296
1375,skull,頭骨，頭蓋骨；頭脳,5,296
1376,tomb,墓,5,297
1377,monk,修道士，僧,5,297
1378,worship,崇拝，礼拝(式)；賛美,5,297
1379,outstanding,際立った；未払いの；未解決の,5,297
1380,unprecedented,前例のない；空前の,5,297
1381,infinite,無限の；無数の,5,298
1382,worthwhile,価値がある；立派な,5,298
1383,indispensable,不可欠な,5,298
1384,compulsory,義務的な，強制的な,5,298
1385,probable,十分にありそうな,5,298
1386,ambiguous,あいまいな；多義的な,5,299
1387,obscure,(世に)知られていない；不明瞭な,5,299
1388,skeptical,(～に)懐疑的な,5,299
1389,fragile,壊れやすい；虚弱な,5,299
1390,static,静的な；動きのない,5,299
1391,gradual,徐々の，緩やかな,5,300
1392,vocal,声の，発声の；はっきりものを言う,5,300
1393,vivid,鮮やかな；生き生きとした,5,300
1394,imperial,帝国の；皇帝の,5,300
1395,hostile,敵意のある,5,300
1396,superficial,表面的な,5,301
1397,scarce,乏しい；珍しい,5,301
1398,gross,総計の；甚だしい；粗野な,5,301
1399,inherent,生来の，本来的に備わっている,5,301
1400,notable,注目に値する；著名な,5,301
1401,update,を最新のものにする；をアップデートする,5,302
1402,refresh,(気分)をさわやかにする；(記憶など)を新たにする；を最新のものにする,5,302
1403,bloom,花が咲く；栄える,5,302
1404,conquer,を征服する；を克服する,5,302
1405,induce,を引き起こす；を説得する,5,302
1406,attain,を獲得する，達成する；に達する,5,303
1407,spray,を吹きかける，に吹きつける,5,303
1408,retrieve,(情報)を検索する；を取り戻す；を回復する,5,303
1409,portray,を描く；(の役)を演じる,5,303
1410,scratch,を引っかく；を取り消す，削除する,5,303
1411,designate,を指定する；を任命する,5,304
1412,contradict,と矛盾する；に反対意見を言う,5,304
1413,sigh,ため息をつく,5,304
1414,disrupt,を混乱させる；を分裂させる,5,304
1415,depart,出発する；(～から)それる(from),5,304
1416,navigate,(を)誘導する；(を)操縦する；(を)航行する,5,305
1417,beg,に(～を)切に頼む(for)；(を)懇願する,5,305
1418,inhabit,に住んでいる；に宿る，存する,5,305
1419,diagnose,(を)診断する,5,305
1420,comprehend,を理解する,5,305
1421,oblige,に義務づける；に恩恵を施す,5,306
1422,cram,に詰め込む；詰め込み勉強をする,5,306
1423,flock,群がる，集まる,5,306
1424,underestimate,(を)過小評価する；(を)軽く見る；を少なく見積もる,5,306
1425,clarify,を明確にする,5,306
1426,spark,を引き起こす；を刺激する；スパークする,5,307
1427,seize,をつかむ；を奪い取る；を没収する,5,307
1428,soar,急上昇する；空高く飛ぶ,5,307
1429,glow,光り［照り］輝く；赤く燃える；紅潮する,5,307
1430,disguise,を(～に)変装させる(as)；を偽る,5,307
1431,distort,を歪める；歪む,5,308
1432,undermine,を徐々にむしばむ；を侵食する,5,308
1433,abolish,を廃止する,5,308
1434,strip,を［から］取り去る；を裸にする,5,308
1435,dispose,〔＋ofで〕を処分する；を(…する)気にさせる(to do)；を配置する,5,308
1436,dump,を投棄する；をどさっと落とす,5,309
1437,weave,を織る；(計画・物語など)を作り上げる,5,309
1438,refine,を洗練する；を精製する,5,309
1439,enrich,を豊かにする；(物質)を濃縮化する,5,309
1440,coordinate,を調整する；を組織する；(服など)をコーディネートする,5,309
1441,headline,(新聞などの)見出し,5,310
1442,internship,【米】 実務［医学］研修；研修期間,5,310
1443,outlet,直売店，特売店；はけ口；【米】(電気の)コンセント,5,310
1444,remedy,治療(法)；治療薬；解決法,5,310
1445,pill,錠剤，丸薬；〔the ～〕ピル，経口避妊薬,5,310
1446,reception,反応；宴会；受付；受信(状態),5,311
1447,transaction,(商)取引；(人と人との)交流,5,311
1448,mutation,突然変異(体)；変化,5,311
1449,dairy,〔集合的に〕乳製品；乳製品加工所［販売者］,5,311
1450,compassion,同情,5,311
1451,posture,姿勢；心構え,5,312
1452,curse,悪態，ののしりの言葉；呪い；〔通例a ～〕災い,5,312
1453,funeral,葬式,5,312
1454,census,国勢調査；交通調査,5,312
1455,encyclopedia,百科事典,5,312
1456,cereal,〔通例～s〕穀物；シリアル(穀物加工食品),5,313
1457,fragment,断片,5,313
1458,patch,(～の)部分，斑点；継ぎ；貼り薬,5,313
1459,rubbish,【英】 ごみ；つまらないもの,5,313
1460,maze,迷路；複雑に込み入ったもの,5,313
1461,outlook,見解；見通し；眺め,5,314
1462,breakthrough,大発見，飛躍的進歩,5,314
1463,triumph,勝利；勝利の喜び；偉業,5,314
1464,ally,同盟国；提携者；援助者；盟友,5,314
1465,spectator,(試合などの)観客,5,314
1466,sphere,領域；球体；天体,5,315
1467,county,【米】 郡；【英】州,5,315
1468,behalf,利益，味方,5,315
1469,interval,(時間の)間隔；合間；隔たり；小休止,5,315
1470,circulation,循環；流通；(新聞・雑誌の)発行部数,5,315
1471,blade,刃；(プロペラなどの)羽根；(草などの)葉,5,316
1472,theft,窃盗(罪),5,316
1473,vacuum,真空；空虚,5,316
1474,collision,衝突；対立,5,316
1475,bargain,買い得品；取引；契約,5,316
1476,landmark,(ある場所の)目印；画期的な出来事,5,317
1477,revenue,歳入；収益,5,317
1478,treaty,(国家間の)条約；協定,5,317
1479,supreme,最高の,5,317
1480,thorough,徹底的な；まったくの,5,317
1481,naked,裸の,5,318
1482,sincere,心からの；誠実な,5,318
1483,tame,飼いならされた，人に慣れた；退屈な,5,318
1484,insufficient,不十分な；不適当な,5,318
1485,dim,薄暗い；ぼんやりした,5,318
1486,acute,(痛み・感情などが)激しい；(知覚などが)鋭い；急性の,5,319
1487,disabled,障害のある；障害者用の,5,319
1488,metropolitan,大都市の，首都圏の,5,319
1489,monetary,金銭的な；金融の,5,319
1490,alternate,代わりの；交互の,5,319
1491,partial,部分的な；不公平な,5,320
1492,divine,神の；神にささげる,5,320
1493,drastic,徹底的な，抜本的な；極端な,5,320
1494,fierce,猛烈な；どう猛な,5,320
1495,sole,唯一の；単独の；独占的な,5,320
1496,spontaneous,自然発生的な；自発的な,5,321
1497,spatial,空間の,5,321
1498,neat,きちんとした；見事な,5,321
1499,tidy,きちんとした，整頓された；相当の,5,321
1500,loyal,(～に)忠実な(to)；誠実な,5,321
1501,bless,に恩恵を与える；に感謝する,6,322
1502,regain,を取り戻す,6,322
1503,conform,順応する；一致する,6,322
1504,enroll,登録する，入会する；を登録させる,6,322
1505,entitle,に権利を与える；に題名をつける,6,322
1506,halt,を止める；止まる,6,323
1507,provoke,(感情・行動など)を引き起こす；を挑発する,6,323
1508,invade,を侵略する；を侵害する；(場所)に殺到する,6,323
1509,squeeze,押し入る；を押し込む；(を)搾る；(を)強く押す,6,323
1510,crawl,はう；ゆっくり進む,6,323
1511,digest,を消化する；を理解する；を要約する,6,324
1512,utter,(声)を発する；(考えなど)を述べる,6,324
1513,refrain,控える,6,324
1514,populate,に住む，の住民である；に人を住まわせる,6,324
1515,accommodate,を収容する；を(～に)適応させる(to),6,324
1516,steer,(を)操縦する；を(～へ)向ける(to),6,325
1517,drown,溺死する；を水浸しにする,6,325
1518,dip,を浸す；(手など)を(～に)突っ込む(into / in)；下がる,6,325
1519,soak,を浸す；をずぶぬれにする；浸る,6,325
1520,stir,をかき回す；を揺り動かす,6,325
1521,transplant,を移植する；を移住させる,6,326
1522,reassure,を安心させる,6,326
1523,resume,(を)再開する；を取り戻す,6,326
1524,speculate,(と)推測する；投機する,6,326
1525,surpass,を上回る,6,326
1526,appoint,を任命する；(日時・場所など)を指定する,6,327
1527,intrigue,に興味を持たせる；陰謀を企てる,6,327
1528,decay,腐敗する；(徐々に)衰える,6,327
1529,contaminate,を汚染する；を堕落させる,6,327
1530,swell,膨張する，腫れる；を膨らませる,6,327
1531,delete,を削除する，消す,6,328
1532,tolerate,を許容する，我慢する,6,328
1533,envy,をうらやむ,6,328
1534,pray,(を)祈る,6,328
1535,confess,(を)告白する,6,328
1536,resign,(を)辞任する；を放棄する,6,329
1537,dissolve,(を)溶かす；(議会など)を解散する；(契約など)を解消する；溶ける,6,329
1538,unfold,(閉じたもの)を開く；を明らかにする；開く；明らかになる,6,329
1539,awaken,を目覚めさせる；(～から)覚める(from),6,329
1540,conceive,(を)思いつく；と想像する；(を)妊娠する,6,329
1541,entrepreneur,起業家，事業家,6,330
1542,stake,利害関係；〔通例～s〕賭け金；杭,6,330
1543,surplus,余剰，過剰；黒字,6,330
1544,inflation,インフレ(ーション)；(物価の)高騰,6,330
1545,sweatshop,搾取工場,6,330
1546,clash,衝突；対立；かち合うこと；ガチャンという音,6,331
1547,sociology,社会学,6,331
1548,ideology,イデオロギー，思想傾向,6,331
1549,margin,余白；差；利ざや,6,331
1550,realm,領域；領土,6,331
1551,domain,分野；領域；ドメイン,6,332
1552,algorithm,アルゴリズム；問題解決の手順,6,332
1553,prairie,大草原,6,332
1554,frontier,〔通例the ～s〕最先端；〔the ～〕 【米】辺境地；国境,6,332
1555,bullet,銃弾,6,332
1556,shield,盾，防御物,6,333
1557,despair,絶望,6,333
1558,radiation,放射能，放射線,6,333
1559,placebo,偽薬，プラシーボ；気休め,6,333
1560,nursery,託児所；苗床,6,333
1561,spouse,配偶者,6,334
1562,makeup,化粧；化粧品；構成；性質,6,334
1563,mummy,ミイラ；【英】ママ，お母さん,6,334
1564,flesh,(人・動物の)肉；果肉,6,334
1565,limb,手足,6,334
1566,odor,におい；気配,6,335
1567,laundry,洗濯(物)；クリーニング店,6,335
1568,tide,潮(の干満)；動向,6,335
1569,questionnaire,アンケート,6,335
1570,nonsense,ばかげた物［話，考え］；無意味な言葉,6,335
1571,revenge,復讐,6,336
1572,intellect,知性；〔the ～(s)〕知識人,6,336
1573,hospitality,親切なもてなし，歓待；受容性,6,336
1574,librarian,司書，図書館員,6,336
1575,manuscript,(手書きの)原稿；写本,6,336
1576,obsession,(考えなどに)取りつかれること；妄想；強迫観念,6,337
1577,hygiene,衛生(状態)；健康法,6,337
1578,paradigm,理論的枠組み，パラダイム；模範,6,337
1579,legitimate,合法的な；妥当な,6,337
1580,authentic,本物の；信頼できる,6,337
1581,empirical,経験的な；経験主義の,6,338
1582,immense,膨大な,6,338
1583,absurd,ばかげた；不合理な,6,338
1584,weird,異様な，奇妙な,6,338
1585,accidental,偶然の；過失による,6,338
1586,uneasy,不安な；落ち着かない；ぎこちない,6,339
1587,jealous,嫉妬深い；用心深い,6,339
1588,feminine,女らしい,6,339
1589,swift,素早い,6,339
1590,hollow,空洞の；空虚な；うわべだけの,6,339
1591,crude,大まかな；粗野な；未精製の,6,340
1592,sore,痛い；腹が立って,6,340
1593,pessimistic,悲観的な,6,340
1594,vain,無駄な；うぬぼれた,6,340
1595,susceptible,(～の)影響を受けやすい(to)；感染しやすい,6,340
1596,edible,食用の，食べられる,6,341
1597,sheer,純然たる，真の；すごい；(布が)薄地の,6,341
1598,explicit,明白な；率直な,6,341
1599,prone,(～に)なりやすい(to)；(…する)傾向がある(to do),6,341
1600,affluent,裕福な；豊富な,6,341
1601,collaborate,共同して働く；(～に)協力する(with),6,342
1602,exert,を及ぼす；(力など)を行使する,6,342
1603,excel,(～で)秀でている(in / at)；に勝る,6,342
1604,prosper,栄える，成功する；繁殖する,6,342
1605,surge,殺到する；(感情が)こみ上げる；急騰する,6,342
1606,intervene,(～に)介入する(in)；介在する,6,343
1607,insert,を挿入する,6,343
1608,overtake,を追い抜く；に追いつく；(災難・強い感情などが)を襲う,6,343
1609,snap,をパチンと鳴らす；をポキッと折る；ポキッと折れる；パチンと音を立てる,6,343
1610,carve,を彫る；を切り開く；(肉)を切り分ける,6,343
1611,addict,〔受身形で〕(～の)中毒になる(to)；(～に)凝る,6,344
1612,condemn,を非難する；〔受身形で〕(～の刑を)宣告される(to),6,344
1613,convict,に有罪を宣告する,6,344
1614,dictate,を指図する；を書き取らせる；を規定する,6,344
1615,prescribe,(薬など)を処方する；を規定する,6,344
1616,inhibit,を抑制する；を妨げる,6,345
1617,stray,はぐれる，(道に)迷う,6,345
1618,roam,(を)歩き回る；放浪する,6,345
1619,enclose,を同封する；を取り囲む,6,345
1620,execute,を実行する；を処刑する,6,345
1621,coincide,同時に起こる；一致する,6,346
1622,lag,遅れる；徐々に弱まる,6,346
1623,cling,しがみつく；くっつく,6,346
1624,erase,を消す,6,346
1625,grind,(穀物など)をひく,6,346
1626,knit,を編む；を結合する；編み物をする,6,347
1627,inquire,(を)尋ねる,6,347
1628,betray,をうっかり表す；を裏切る,6,347
1629,leak,漏れる；を漏らす,6,347
1630,smash,を粉砕する；を強打する；粉々に壊れる；激突する,6,347
1631,bounce,跳ねる；反射する；を弾ませる；(Ｅメールが)(宛先不明で)返送される,6,348
1632,sprawl,(都市などが)不規則に広がる；だらしなく手足を伸ばす,6,348
1633,converse,(～と)会話をする(with),6,348
1634,recite,を暗唱する；を詳述する,6,348
1635,disregard,を無視する；を軽視する,6,348
1636,frown,眉をひそめる,6,349
1637,evoke,を呼び起こす,6,349
1638,pledge,を誓う，約束する；を与えることを約束する,6,349
1639,aspire,(～を)熱望する(to),6,349
1640,contemplate,(を)熟考する；を予想する,6,349
1641,grace,優美，優雅；分別；(神の)恩寵,6,350
1642,enlightenment,啓蒙，啓発,6,350
1643,commerce,商業；貿易,6,350
1644,draft,下書き；為替手形；隙間風,6,350
1645,barrel,バレル(液量の単位)；たる,6,350
1646,timber,【英】 木材；樹木,6,351
1647,garment,衣服,6,351
1648,thread,糸；(議論などの)筋道,6,351
1649,cabinet,〔しばしばthe C-〕内閣；戸棚,6,351
1650,bureau,(官庁の)局；事務局；案内所,6,351
1651,autonomy,(個人の)自律；自治(権)；自治体,6,352
1652,toll,損害(の程度)；死傷者数；通行料,6,352
1653,discourse,話し合い，会話；講演；論説,6,352
1654,superstition,迷信,6,352
1655,glimpse,ちらりと見えること,6,352
1656,arithmetic,計算；算数,6,353
1657,glossary,用語小辞典；用語集,6,353
1658,archive,〔しばしば～s〕記録文書，公文書；公文書保管所；(コンピューターの)アーカイブ,6,353
1659,legacy,遺産,6,353
1660,anthropology,人類学,6,353
1661,rage,激怒；猛威,6,354
1662,sorrow,悲しみ,6,354
1663,psychiatrist,精神科医,6,354
1664,ward,行政区；病棟,6,354
1665,stall,露店；エンスト；失速,6,354
1666,flame,炎；情熱,6,355
1667,moisture,水分；湿気,6,355
1668,irony,皮肉,6,355
1669,warrior,戦士,6,355
1670,astronomy,天文学,6,355
1671,probe,(無人)宇宙探査機；(～の)精査(into)；探り針,6,356
1672,altitude,高度，標高,6,356
1673,tumor,腫瘍；腫れ物,6,356
1674,defect,欠陥；不足,6,356
1675,sanitation,公衆衛生(学)；下水［衛生］設備,6,356
1676,longevity,長寿；寿命；長年勤続,6,357
1677,scope,(活動・能力などの)範囲；余地,6,357
1678,sentiment,感情；感想；感傷,6,357
1679,plausible,もっともらしい,6,357
1680,vigorous,精力的な；激しい；活力のある,6,357
1681,masculine,男らしい,6,358
1682,rigid,厳しい；硬直した,6,358
1683,adverse,不都合な；逆の,6,358
1684,coherent,一貫した，筋の通った；結束した,6,358
1685,literal,文字どおりの；逐語的な；散文的な,6,358
1686,arbitrary,恣意的な；独断的な,6,359
1687,anonymous,匿名の,6,359
1688,antique,骨董の，アンティークの；古風な,6,359
1689,eternal,永遠の；不変の,6,359
1690,intermediate,中級の；中間の,6,359
1691,subordinate,(～より)下位の(to)；副次的な,6,360
1692,gloomy,陰気な；薄暗い；悲観的な,6,360
1693,thermal,熱の，熱による；保温用の,6,360
1694,faint,かすかな；めまいがする；弱々しい,6,360
1695,naive,お人よしの，愚直な；純朴な,6,360
1696,apt,(…する)傾向がある(to do)；適切な；利発な,6,361
1697,arrogant,横柄な，傲慢な,6,361
1698,extrovert,外向的な；社交的な,6,361
1699,conspicuous,目立つ,6,361
1700,intact,損なわれていない，手つかずの,6,361
1701,embody,を具現する；を包含する,6,362
1702,illuminate,を照らす；を解明する,6,362
1703,console,を慰める,6,362
1704,verify,の正しさを証明［確認］する,6,362
1705,disclose,を公表する，暴く,6,362
1706,stack,を積む，積み重ねる；〔～ upで〕(車が)渋滞する,6,363
1707,rotate,回転する；循環する；を回転させる,6,363
1708,constrain,に(…することを)強いる(to do)；を抑える,6,363
1709,hinder,を妨げる,6,363
1710,withstand,に耐える,6,363
1711,tweet,(を)ツイートする，つぶやく,6,364
1712,sneeze,くしゃみをする,6,364
1713,erupt,(火山が)噴火する；勃発する,6,364
1714,blur,をぼかす；を曇らせる；をあいまいにする,6,364
1715,overlap,(一部)重なる；(と)重複［共通］する,6,364
1716,embed,〔通例受身形で〕埋め込まれる，はめ込まれる,6,365
1717,displace,に取って代わる；を移動させる,6,365
1718,render,を(ある状態に)する；(援助など)を与える,6,365
1719,plunge,(～に)(を)突っ込む(into)；没頭する；陥る,6,365
1720,surrender,を放棄する，引き渡す；(～に)屈する(to),6,365
1721,plug,〔＋inで〕のプラグを電源に差し込む；を(～で)ふさぐ(with),6,366
1722,suck,(を)吸う；(を)しゃぶる,6,366
1723,mock,をばかにする；のまねをしてからかう,6,366
1724,tease,(を)からかう；をいじめる,6,366
1725,soothe,をなだめる；を和らげる,6,366
1726,stain,を汚す；に着色する,6,367
1727,shun,を避ける,6,367
1728,stumble,よろけながら歩く；(～に)つまずく(on / over),6,367
1729,flush,を紅潮させる；を水で流す；紅潮する,6,367
1730,impair,を損なう,6,367
1731,presume,と思う；と推定する；を前提とする,6,368
1732,contend,と主張する；競う,6,368
1733,roar,うなる，ほえる；大笑いする,6,368
1734,haunt,(記憶・考えなどが)につきまとう；(幽霊などが)に出る；によく行く,6,368
1735,divert,(注意など)をそらす；を迂回させる；(資金など)を転用する,6,368
1736,await,を待つ,6,369
1737,fetch,を(行って)持って［連れて］くる,6,369
1738,unify,を統合［統一］する；統一される,6,369
1739,inspect,を点検する；を視察する,6,369
1740,entail,を伴う，引き起こす；(…すること)を含む(doing),6,369
1741,tactics,作戦，方策；戦術，戦法,6,370
1742,feat,偉業，功績；妙技,6,370
1743,prestige,名声；〔形容詞的に〕名声のある,6,370
1744,analogy,類推；類似,6,370
1745,conscience,良心；分別,6,370
1746,textile,織物；繊維(産業),6,371
1747,deficit,赤字，不足；欠陥,6,371
1748,plague,疫病；(害虫などの)異常発生,6,371
1749,hazard,危険(要素)；偶然,6,371
1750,metabolism,(新陳)代謝，代謝作用,6,371
1751,paralysis,麻痺；〔比喩的に〕麻痺(状態),6,372
1752,grid,(電気などの)供給網；格子(模様)；碁盤目,6,372
1753,carriage,馬車；車両；立ち居振舞い；【英】輸送,6,372
1754,friction,不和；摩擦,6,372
1755,rebel,反逆者,6,372
1756,regime,政権，政体；体制,6,373
1757,monopoly,独占(権),6,373
1758,staple,必需食品；主要産物,6,373
1759,merchandise,商品,6,373
1760,vendor,物売り，行商人；自動販売機,6,373
1761,supervisor,監督者；指導教員,6,374
1762,predecessor,前任者；前のもの,6,374
1763,personnel,〔集合的に〕職員，社員,6,374
1764,vessel,船舶；容器；(体液が通る)脈管,6,374
1765,liver,肝臓,6,374
1766,duration,(時間の)継続，持続(時間),6,375
1767,certificate,証明書；免許状,6,375
1768,geometry,幾何学,6,375
1769,symmetry,(左右)対称；調和,6,375
1770,biography,伝記,6,375
1771,masterpiece,傑作,6,376
1772,rhyme,押韻詩；韻；〔通例～s〕詩歌,6,376
1773,premium,保険料；プレミア；景品,6,376
1774,breakdown,崩壊；(神経)衰弱；故障；内訳,6,376
1775,courtesy,礼儀正しさ；好意；優遇,6,376
1776,protocol,(条約)議定書；外交儀礼；プロトコル,6,377
1777,specimen,標本；実例,6,377
1778,thesis,論文；命題，テーゼ,6,377
1779,eligible,適格の，資格のある；(結婚相手として)望ましい,6,377
1780,intrinsic,固有の，本質的な,6,377
1781,diligent,勤勉な；入念な,6,378
1782,vocational,職業の，職業訓練の(ための),6,378
1783,bankrupt,破産宣告を受けた；破綻している,6,378
1784,stern,厳しい；いかめしい,6,378
1785,stubborn,頑固な，強情な；手に負えない,6,378
1786,maternal,母の，母親らしい；妊婦の,6,379
1787,fertile,肥沃な；多産の,6,379
1788,ripe,熟した；成熟した,6,379
1789,stiff,硬直した，凝った；堅い,6,379
1790,obsolete,廃れた，使われなくなった；古くなった,6,379
1791,vacant,空いている,6,380
1792,acoustic,音響の；聴覚の；(楽器が)アコースティックの,6,380
1793,preliminary,予備の，準備の,6,380
1794,approximate,おおよその,6,380
1795,implicit,暗黙の；内在する,6,380
1796,punctual,時間を守る,6,381
1797,compatible,矛盾しない；互換性のある；気が合う,6,381
1798,ample,十分すぎるほどの；広い,6,381
1799,pervasive,隅々に広がった；浸透する；充満する,6,381
1800,ubiquitous,至る所にある,6,381
1801,deduce,を推測する，演繹する,6,382
1802,simulate,を模擬実験する；を装う；をまねる,6,382
1803,merge,(を)合併する；を融合させる；溶け込む,6,382
1804,penetrate,(に)浸透する；(に)進出する；(を)貫く；(を)見抜く,6,382
1805,cater,(の)料理をまかなう；(要望などに)応える,6,382
1806,assault,に暴行する；を攻撃する,6,383
1807,torture,を拷問にかける；を苦しめる,6,383
1808,bleed,出血する,6,383
1809,erect,を建てる；を直立させる,6,383
1810,cherish,を大切にする；を心に抱く,6,383
1811,arouse,(感情など)を引き起こす；を目覚めさせる,6,384
1812,doom,〔通例受身形で〕運命にある,6,384
1813,mourn,(を)悼む；(を)嘆く,6,384
1814,dread,をひどく恐れる,6,384
1815,nourish,に栄養を与える；をはぐくむ,6,384
1816,inject,(人)に注射する，を注入する；を導入する,6,385
1817,swear,(～を)ののしる(at)；(を)誓う,6,385
1818,bid,(～に)の値をつける；(挨拶)を述べる,6,385
1819,corrupt,を堕落させる；を買収する；堕落する,6,385
1820,preoccupy,の心を奪う，を夢中にさせる,6,385
1821,browse,(を)拾い読みする；(を)閲覧する；(商品など)を見て歩く,6,386
1822,compile,を編集する；(資料など)をまとめる,6,386
1823,allocate,を割り当てる，分配する,6,386
1824,offset,を相殺する，埋め合わせる；をオフセット印刷にする,6,386
1825,restrain,を制止する；を規制する,6,386
1826,comply,従う，応じる,6,387
1827,expire,期限が切れる,6,387
1828,embark,(～に)乗り出す(on)；乗船［搭乗］する,6,387
1829,flap,パタパタ動く；羽ばたく；をパタパタ動かす,6,387
1830,furnish,に(～を)備えつける(with),6,387
1831,forge,を偽造する；(関係など)を築く；を鍛造する,6,388
1832,thrust,を押しつける；を突き刺す；押し進む,6,388
1833,dispatch,を派遣する；を発送する；を処理する,6,388
1834,resent,に憤慨する,6,388
1835,reconcile,を(～と)一致させる(with)；を和解させる,6,388
1836,allege,を主張する,6,389
1837,oppress,を抑圧［迫害］する；を悩ませる,6,389
1838,expel,を追放する；を吐き出す,6,389
1839,ascend,(を)上がる,6,389
1840,commence,始まる；を開始する；…し始める(to do / doing),6,389
1841,advent,〔the ～〕出現，到来,6,390
1842,reign,治世；統治,6,390
1843,diplomacy,外交(的手腕),6,390
1844,embassy,大使館；大使一行,6,390
1845,exile,亡命(者)；(国外)追放,6,390
1846,refuge,避難(所)；保護,6,391
1847,plight,窮状；(悪い)状態,6,391
1848,solitude,ひとりでいること；孤独,6,391
1849,fallacy,誤った考え，誤信；錯誤,6,391
1850,latitude,緯度；(行動・思想などの)許容範囲,6,391
1851,eclipse,(日食・月食などの)食；(名声などの)失墜,6,392
1852,basin,流域；盆地，海盆；洗面器［台］,6,392
1853,erosion,浸食；衰退,6,392
1854,archaeology,考古学,6,392
1855,errand,(人の)使い，使い走り；用件,6,392
1856,mercy,慈悲；〔通例a ～〕幸運,6,393
1857,rhetoric,修辞(法)；美辞麗句,6,393
1858,verse,韻文；詩,6,393
1859,congestion,混雑,6,393
1860,sewage,下水,6,393
1861,complement,(～の)補完物，補足(to)；(文法の)補語,6,394
1862,subsidy,補助金；報奨金,6,394
1863,mortgage,住宅ローン；抵当(権),6,394
1864,attorney,【米】 弁護士；代理人,6,394
1865,outfit,衣装一式；装備［道具］一式；組織,6,394
1866,bulk,〔the ～〕(～の)大半(of)；大きさ；大量,6,395
1867,reunion,再会(の集い)；再結合,6,395
1868,synthesis,合成；総合,6,395
1869,mold,鋳型；鋳物；性格；かび,6,395
1870,thirst,(のどの)渇き；(～に対する)渇望(for),6,395
1871,greed,強欲,6,396
1872,bribe,賄賂,6,396
1873,contempt,軽蔑；恥辱,6,396
1874,texture,感触，手触り；本質；質感,6,396
1875,orphan,孤児,6,396
1876,harassment,嫌がらせ，ハラスメント,6,397
1877,hay,干し草,6,397
1878,doctrine,教義；【米】(政策上の)主義,6,397
1879,holistic,全体論の；(医療が)ホリスティックの,6,397
1880,liable,しがちな；(～を)受けやすい(to)；責任がある,6,397
1881,earnest,まじめな，熱心な,6,398
1882,intelligible,(簡単に)理解できる,6,398
1883,abrupt,突然の,6,398
1884,reckless,無謀な；(～を)顧みない(of),6,398
1885,furious,激怒した；猛烈な,6,398
1886,eloquent,雄弁な；説得力のある,6,399
1887,juvenile,青少年の,6,399
1888,notorious,悪名高い,6,399
1889,timid,臆病な；内気な,6,399
1890,humid,湿気のある,6,399
1891,contagious,感染(性)の；病気を伝染する,6,400
1892,cynical,冷笑的な，皮肉な,6,400
1893,dumb,ばかげた；口のきけない；無言の,6,400
1894,monotonous,単調な,6,400
1895,perpetual,永続的な；ひっきりなしの,6,400
1896,dizzy,目まいがする；当惑した,6,401
1897,weary,疲れ果てた；(～に)うんざりした(of),6,401
1898,numb,麻痺した，無感覚な；ぼう然とした,6,401
1899,mortal,致命的な；死すべき(運命の),6,401
1900,zealous,熱心な；熱狂的な,6,401
